;Order;Family;Species;bacterivorous;eukaryvorous;omnivorous;plant parasite;parasite (not plant);unknown nutrition;naked flagellate;testate amoeba (silica);testate amoeba (organic/agglutinated);testate amoeboflagellate;testate flagellate;naked amoeboflagellate;intracellular plasmodia/spores;unknown morphology;creeping/gliding;freely swimming;motile zoospore;unknown locomotion;soil/freshwater;marine;ubiquitous;unknown habitat
Otu001;Glissomonadida;Sandonidae;Sandonidae_X+sp.;1;0;0;0;0;0;1;0;0;0;0;0;0;0;1;0;0;0;1;0;0;0
Otu002;Cryomonadida;Rhogostomidae;Rhogostomidae_X+sp.;0;0;1;0;0;0;0;0;1;0;0;0;0;0;1;0;0;0;1;0;0;0
Otu003;Thaumatomonadida;Thaumatomonadidae;Thaumatomonas+sp.;1;0;0;0;0;0;0;1;0;0;0;0;0;0;1;0;0;0;1;0;0;0
Otu004;Glissomonadida;Sandonidae;Sandona+sp.;1;0;0;0;0;0;1;0;0;0;0;0;0;0;1;0;0;0;1;0;0;0
Otu005;Cercomonadida;Cercomonadidae;Cercomonas+longicauda;0;0;1;0;0;0;0;0;0;0;0;1;0;0;1;0;0;0;1;0;0;0
Otu006;Glissomonadida;Glissomonadida_X;Glissomonadida_XX+sp.;0;0;0;0;0;1;0;0;0;0;0;0;0;1;0;0;0;1;1;0;0;0
Otu007;Glissomonadida;Sandonidae;Flectomonas+ekelundi;1;0;0;0;0;0;1;0;0;0;0;0;0;0;1;0;0;0;1;0;0;0
Otu008;Spongomonadida;Spongomonadidae;Spongomonadidae_X+sp.;1;0;0;0;0;0;1;0;0;0;0;0;0;0;0;1;0;0;1;0;0;0
Otu009;Plasmodiophorida;Plasmodiophorida_X;Woronina+pythii;0;0;0;0;1;0;0;0;0;0;0;0;1;0;0;0;1;0;1;0;0;0
Otu010;Glissomonadida;Allapsidae;Allapsidae_X+sp.;1;0;0;0;0;0;1;0;0;0;0;0;0;0;1;0;0;0;1;0;0;0
Otu011;Glissomonadida;Sandonidae;Sandona+limna;1;0;0;0;0;0;1;0;0;0;0;0;0;0;1;0;0;0;1;0;0;0
Otu012;Filosa-Imbricatea_X;Filosa-Imbricatea_XX;Filosa-Imbricatea_XXX+sp.;0;0;0;0;0;1;0;0;0;0;0;0;0;1;0;0;0;1;0;0;0;1
Otu013;Glissomonadida;Allapsidae;Allapsidae_X+sp.;1;0;0;0;0;0;1;0;0;0;0;0;0;0;1;0;0;0;1;0;0;0
Otu014;Glissomonadida;Sandonidae;Sandona+aporians;1;0;0;0;0;0;1;0;0;0;0;0;0;0;1;0;0;0;1;0;0;0
Otu015;Glissomonadida;Glissomonadida_X;Glissomonadida_XX+sp.;0;0;0;0;0;1;0;0;0;0;0;0;0;1;0;0;0;1;1;0;0;0
Otu016;Cercomonadida;Cercomonadidae;Eocercomonas+sp.;0;0;1;0;0;0;0;0;0;0;0;1;0;0;1;0;0;0;1;0;0;0
Otu017;Glissomonadida;Sandonidae;Sandonidae_X+sp.;1;0;0;0;0;0;1;0;0;0;0;0;0;0;1;0;0;0;1;0;0;0
Otu018;Glissomonadida;Sandonidae;Sandonidae_X+sp.;1;0;0;0;0;0;1;0;0;0;0;0;0;0;1;0;0;0;1;0;0;0
Otu019;Glissomonadida;Allapsidae;Allapsidae_X+sp.;1;0;0;0;0;0;1;0;0;0;0;0;0;0;1;0;0;0;1;0;0;0
Otu020;Glissomonadida;Allapsidae;Allapsidae_X+sp.;1;0;0;0;0;0;1;0;0;0;0;0;0;0;1;0;0;0;1;0;0;0
Otu021;Cryomonadida;Rhogostomidae;Rhogostomidae_X+sp.;0;0;1;0;0;0;0;0;1;0;0;0;0;0;1;0;0;0;1;0;0;0
Otu022;Cercomonadida;Paracercomonadidae;Nucleocercomonas+praelonga;1;0;0;0;0;0;0;0;0;0;0;1;0;0;0;1;0;0;1;0;0;0
Otu023;Cercomonadida;Paracercomonadidae;Paracercomonas+sp.;1;0;0;0;0;0;0;0;0;0;0;1;0;0;1;0;0;0;1;0;0;0
Otu024;Cercomonadida;Cercomonadidae;Cercomonas+sp.;0;0;1;0;0;0;0;0;0;0;0;1;0;0;1;0;0;0;1;0;0;0
Otu025;Euglyphida;Euglyphidae;Euglypha+rotunda;0;0;1;0;0;0;0;1;0;0;0;0;0;0;1;0;0;0;0;0;1;0
Otu026;Cryomonadida;Rhogostomidae;Rhogostomidae_X+sp.;0;0;1;0;0;0;0;0;1;0;0;0;0;0;1;0;0;0;1;0;0;0
Otu027;Glissomonadida;Allapsidae;Allapsidae_X+sp.;1;0;0;0;0;0;1;0;0;0;0;0;0;0;1;0;0;0;1;0;0;0
Otu028;Glissomonadida;Sandonidae;Sandonidae_X+sp.;1;0;0;0;0;0;1;0;0;0;0;0;0;0;1;0;0;0;1;0;0;0
Otu029;Cryomonadida;Rhogostomidae;Rhogostomidae_X+sp.;0;0;1;0;0;0;0;0;1;0;0;0;0;0;1;0;0;0;1;0;0;0
Otu030;Glissomonadida;Glissomonadida_X;Glissomonadida_XX+sp.;0;0;0;0;0;1;0;0;0;0;0;0;0;1;0;0;0;1;1;0;0;0
Otu031;Cercomonadida;Paracercomonadidae;Nucleocercomonas+praelonga;1;0;0;0;0;0;0;0;0;0;0;1;0;0;0;1;0;0;1;0;0;0
Otu032;Glissomonadida;Glissomonadida_X;Glissomonadida_XX+sp.;0;0;0;0;0;1;0;0;0;0;0;0;0;1;0;0;0;1;1;0;0;0
Otu033;Euglyphida;Trinematidae;Trinematidae_X+sp.;0;0;1;0;0;0;0;1;0;0;0;0;0;0;1;0;0;0;1;0;0;0
Otu034;Euglyphida;Trinematidae;Trinematidae_X+sp.;0;0;1;0;0;0;0;1;0;0;0;0;0;0;1;0;0;0;1;0;0;0
Otu035;Cercomonadida;Cercomonadidae;Eocercomonas+sp.;0;0;1;0;0;0;0;0;0;0;0;1;0;0;1;0;0;0;1;0;0;0
Otu036;Cryomonadida;Rhogostomidae;Rhogostomidae_X+sp.;0;0;1;0;0;0;0;0;1;0;0;0;0;0;1;0;0;0;1;0;0;0
Otu037;Euglyphida;Euglyphidae;Assulina+muscorum;0;0;1;0;0;0;0;1;0;0;0;0;0;0;1;0;0;0;1;0;0;0
Otu038;Glissomonadida;Allapsidae;Allapsidae_X+sp.;1;0;0;0;0;0;1;0;0;0;0;0;0;0;1;0;0;0;1;0;0;0
Otu039;Cercomonadida;Paracercomonadidae;Paracercomonas+compacta;1;0;0;0;0;0;0;0;0;0;0;1;0;0;1;0;0;0;1;0;0;0
Otu040;Cercomonadida;Cercomonadidae;Eocercomonas+sp.;0;0;1;0;0;0;0;0;0;0;0;1;0;0;1;0;0;0;1;0;0;0
Otu041;Cercomonadida;Paracercomonadidae;Paracercomonas+sp.;1;0;0;0;0;0;0;0;0;0;0;1;0;0;1;0;0;0;1;0;0;0
Otu042;Cercomonadida;Paracercomonadidae;Paracercomonas+sp.;1;0;0;0;0;0;0;0;0;0;0;1;0;0;1;0;0;0;1;0;0;0
Otu043;Cercozoa_XX;Cercozoa_XXX;Cercozoa_XXXX+sp.;0;0;0;0;0;1;0;0;0;0;0;0;0;1;0;0;0;1;0;0;0;1
Otu044;Glissomonadida;Bodomorphidae;Bodomorpha+sp.;1;0;0;0;0;0;1;0;0;0;0;0;0;0;1;0;0;0;1;0;0;0
Otu045;Glissomonadida;Glissomonadida_X;Glissomonadida_XX+sp.;0;0;0;0;0;1;0;0;0;0;0;0;0;1;0;0;0;1;1;0;0;0
Otu046;Euglyphida;Euglyphidae;Euglypha+penardi;0;0;1;0;0;0;0;1;0;0;0;0;0;0;1;0;0;0;0;0;1;0
Otu047;Glissomonadida;Allapsidae;Allapsidae_X+sp.;1;0;0;0;0;0;1;0;0;0;0;0;0;0;1;0;0;0;1;0;0;0
Otu048;Glissomonadida;Allapsidae;Allapsidae_X+sp.;1;0;0;0;0;0;1;0;0;0;0;0;0;0;1;0;0;0;1;0;0;0
Otu049;Glissomonadida;Sandonidae;Sandonidae_X+sp.;1;0;0;0;0;0;1;0;0;0;0;0;0;0;1;0;0;0;1;0;0;0
Otu050;Cercomonadida;Cercomonadidae;Cercomonas+sp.;0;0;1;0;0;0;0;0;0;0;0;1;0;0;1;0;0;0;1;0;0;0
Otu051;Glissomonadida;Sandonidae;Sandonidae_X+sp.;1;0;0;0;0;0;1;0;0;0;0;0;0;0;1;0;0;0;1;0;0;0
Otu052;Glissomonadida;Allapsidae;Group_Te+sp.;1;0;0;0;0;0;1;0;0;0;0;0;0;0;1;0;0;0;1;0;0;0
Otu053;Spongomonadida;Spongomonadidae;Spongomonadidae_X+sp.;1;0;0;0;0;0;1;0;0;0;0;0;0;0;0;1;0;0;1;0;0;0
Otu054;Cercomonadida;Cercomonadidae;Cercomonadidae_X+sp.;0;0;0;0;0;1;0;0;0;0;0;0;0;1;0;0;0;1;1;0;0;0
Otu055;Cercomonadida;Cercomonadidae;Cercomonadidae_X+sp.;0;0;0;0;0;1;0;0;0;0;0;0;0;1;0;0;0;1;1;0;0;0
Otu056;Euglyphida;Trinematidae;Trinematidae_X+sp.;0;0;1;0;0;0;0;1;0;0;0;0;0;0;1;0;0;0;1;0;0;0
Otu057;Cryomonadida;Rhogostomidae;Rhogostomidae_X+sp.;0;0;1;0;0;0;0;0;1;0;0;0;0;0;1;0;0;0;1;0;0;0
Otu058;Glissomonadida;Allapsidae;Allapsidae_X+sp.;1;0;0;0;0;0;1;0;0;0;0;0;0;0;1;0;0;0;1;0;0;0
Otu059;Glissomonadida;Sandonidae;Neoheteromita+globosa;1;0;0;0;0;0;1;0;0;0;0;0;0;0;1;0;0;0;1;0;0;0
Otu060;Plasmodiophorida;Polymyxa-lineage;Polymyxa+betae;0;0;0;1;0;0;0;0;0;0;0;0;1;0;0;0;1;0;1;0;0;0
Otu061;Glissomonadida;Glissomonadida_X;Glissomonadida_XX+sp.;0;0;0;0;0;1;0;0;0;0;0;0;0;1;0;0;0;1;1;0;0;0
Otu062;Glissomonadida;Allapsidae;Allapsidae_X+sp.;1;0;0;0;0;0;1;0;0;0;0;0;0;0;1;0;0;0;1;0;0;0
Otu063;Cercomonadida;Paracercomonadidae;Paracercomonas+virgaria;1;0;0;0;0;0;0;0;0;0;0;1;0;0;1;0;0;0;1;0;0;0
Otu064;Cercomonadida;Paracercomonadidae;Paracercomonas+sp.;1;0;0;0;0;0;0;0;0;0;0;1;0;0;1;0;0;0;1;0;0;0
Otu065;Plasmodiophorida;S.nasturtii-lineage;Spongospora+sp.;0;0;0;1;0;0;0;0;0;0;0;0;1;0;0;0;1;0;1;0;0;0
Otu066;Spongomonadida;Spongomonadidae;Spongomonas+sp.;1;0;0;0;0;0;1;0;0;0;0;0;0;0;0;1;0;0;1;0;0;0
Otu067;Filosa-Imbricatea_X;Nudifilidae;Nudifila+producta;1;0;0;0;0;0;0;0;0;0;0;1;0;0;1;0;0;0;0;0;0;1
Otu068;Glissomonadida;Sandonidae;Flectomonas+ekelundi;1;0;0;0;0;0;1;0;0;0;0;0;0;0;1;0;0;0;1;0;0;0
Otu069;Cryomonadida;Rhogostomidae;Rhogostomidae_X+sp.;0;0;1;0;0;0;0;0;1;0;0;0;0;0;1;0;0;0;1;0;0;0
Otu070;Glissomonadida;Sandonidae;Sandona+sp.;1;0;0;0;0;0;1;0;0;0;0;0;0;0;1;0;0;0;1;0;0;0
Otu071;Euglyphida;Euglyphida_X;Euglyphida_XX+sp.;0;0;0;0;0;1;0;0;0;0;0;0;0;1;0;0;0;1;0;0;0;1
Otu072;Glissomonadida;Glissomonadida_X;Glissomonadida_XX+sp.;0;0;0;0;0;1;0;0;0;0;0;0;0;1;0;0;0;1;1;0;0;0
Otu073;Euglyphida;Euglyphidae;Euglypha+rotunda;0;0;1;0;0;0;0;1;0;0;0;0;0;0;1;0;0;0;0;0;1;0
Otu074;Glissomonadida;Sandonidae;Sandonidae_X+sp.;1;0;0;0;0;0;1;0;0;0;0;0;0;0;1;0;0;0;1;0;0;0
Otu075;Cryomonadida;Rhogostomidae;Rhogostomidae_X+sp.;0;0;1;0;0;0;0;0;1;0;0;0;0;0;1;0;0;0;1;0;0;0
Otu076;Cercomonadida;Cercomonadidae;Cercomonas+sp.;0;0;1;0;0;0;0;0;0;0;0;1;0;0;1;0;0;0;1;0;0;0
Otu077;Cercomonadida;Paracercomonadidae;Paracercomonas+filosa;1;0;0;0;0;0;0;0;0;0;0;1;0;0;1;0;0;0;1;0;0;0
Otu078;Thaumatomonadida;Thaumatomonadidae;Thaumatomonas+seravini;1;0;0;0;0;0;0;1;0;0;0;0;0;0;1;0;0;0;1;0;0;0
Otu079;Glissomonadida;Sandonidae;Sandonidae_X+sp.;1;0;0;0;0;0;1;0;0;0;0;0;0;0;1;0;0;0;1;0;0;0
Otu080;Filosa-Imbricatea_X;Filosa-Imbricatea_XX;Filosa-Imbricatea_XXX+sp.;0;0;0;0;0;1;0;0;0;0;0;0;0;1;0;0;0;1;0;0;0;1
Otu081;Glissomonadida;Sandonidae;Sandona+sp.;1;0;0;0;0;0;1;0;0;0;0;0;0;0;1;0;0;0;1;0;0;0
Otu082;Cercomonadida;Paracercomonadidae;Paracercomonas+sp.;1;0;0;0;0;0;0;0;0;0;0;1;0;0;1;0;0;0;1;0;0;0
Otu083;Glissomonadida;Proleptomonadidae;Proleptomonas+faecicola;1;0;0;0;0;0;1;0;0;0;0;0;0;0;0;1;0;0;1;0;0;0
Otu084;Glissomonadida;Allapsidae;Allapsidae_X+sp.;1;0;0;0;0;0;1;0;0;0;0;0;0;0;1;0;0;0;1;0;0;0
Otu085;Cercomonadida;Paracercomonadidae;Paracercomonas+compacta;1;0;0;0;0;0;0;0;0;0;0;1;0;0;1;0;0;0;1;0;0;0
Otu086;Cercomonadida;Paracercomonadidae;Paracercomonas+sp.;1;0;0;0;0;0;0;0;0;0;0;1;0;0;1;0;0;0;1;0;0;0
Otu087;Glissomonadida;Allapsidae;Allapsidae_X+sp.;1;0;0;0;0;0;1;0;0;0;0;0;0;0;1;0;0;0;1;0;0;0
Otu088;Glissomonadida;Glissomonadida_X;Glissomonadida_XX+sp.;0;0;0;0;0;1;0;0;0;0;0;0;0;1;0;0;0;1;1;0;0;0
Otu089;Filosa-Imbricatea_X;Filosa-Imbricatea_XX;Filosa-Imbricatea_XXX;0;0;0;0;0;1;0;0;0;0;0;0;0;1;0;0;0;1;0;0;0;1
Otu090;Euglyphida;Euglyphida_X;Euglyphida_XX+sp.;0;0;0;0;0;1;0;0;0;0;0;0;0;1;0;0;0;1;0;0;0;1
Otu091;Cercomonadida;Cercomonadidae;Cercomonas+sp.;0;0;1;0;0;0;0;0;0;0;0;1;0;0;1;0;0;0;1;0;0;0
Otu092;Glissomonadida;Sandonidae;Sandonidae_X+sp.;1;0;0;0;0;0;1;0;0;0;0;0;0;0;1;0;0;0;1;0;0;0
Otu093;Cercomonadida;Cercomonadidae;Cercomonas+sp.;0;0;1;0;0;0;0;0;0;0;0;1;0;0;1;0;0;0;1;0;0;0
Otu094;Glissomonadida;Sandonidae;Sandona+sp.;1;0;0;0;0;0;1;0;0;0;0;0;0;0;1;0;0;0;1;0;0;0
Otu095;Glissomonadida;Allapsidae;Allapsidae_X+sp.;1;0;0;0;0;0;1;0;0;0;0;0;0;0;1;0;0;0;1;0;0;0
Otu096;Glissomonadida;Glissomonadida_X;Glissomonadida_XX+sp.;0;0;0;0;0;1;0;0;0;0;0;0;0;1;0;0;0;1;1;0;0;0
Otu097;Glissomonadida;Allapsidae;Allapsidae_X+sp.;1;0;0;0;0;0;1;0;0;0;0;0;0;0;1;0;0;0;1;0;0;0
Otu098;Limnofilida;Limnofilidae;Limnofila+longa;1;0;0;0;0;0;0;0;0;0;0;1;0;0;1;0;0;0;1;0;0;0
Otu099;Euglyphida;Euglyphidae;Sphenoderia+pseudominuta;1;0;0;0;0;0;0;1;0;0;0;0;0;0;1;0;0;0;1;0;0;0
Otu100;Cercomonadida;Cercomonadidae;Cercomonas+sp.;0;0;1;0;0;0;0;0;0;0;0;1;0;0;1;0;0;0;1;0;0;0
Otu101;Glissomonadida;Allapsidae;Allapsidae_X+sp.;1;0;0;0;0;0;1;0;0;0;0;0;0;0;1;0;0;0;1;0;0;0
Otu102;Tremulida;Tremulidae;Tremula+longifila;0;1;0;0;0;0;1;0;0;0;0;0;0;0;1;0;0;0;0;0;1;0
Otu103;Glissomonadida;Allapsidae;Allantion+sp.;1;0;0;0;0;0;1;0;0;0;0;0;0;0;1;0;0;0;1;0;0;0
Otu104;Filosa-Imbricatea_X;Filosa-Imbricatea_XX;Filosa-Imbricatea_XXX+sp.;0;0;0;0;0;1;0;0;0;0;0;0;0;1;0;0;0;1;0;0;0;1
Otu105;Plasmodiophorida;Polymyxa-lineage;Polymyxa+graminis;0;0;0;1;0;0;0;0;0;0;0;0;1;0;0;0;1;0;1;0;0;0
Otu106;Cercomonadida;Paracercomonadidae;Paracercomonas+oxoniensis;1;0;0;0;0;0;0;0;0;0;0;1;0;0;1;0;0;0;1;0;0;0
Otu107;Cercomonadida;Paracercomonadidae;Paracercomonas+sp.;1;0;0;0;0;0;0;0;0;0;0;1;0;0;1;0;0;0;1;0;0;0
Otu108;Plasmodiophorida;Plasmodiophoridae;Plasmodiophora+brassicae;0;0;0;1;0;0;0;0;0;0;0;0;1;0;0;0;1;0;1;0;0;0
Otu109;Euglyphida;Euglyphida_X;Euglyphida_XX+sp.;0;0;0;0;0;1;0;0;0;0;0;0;0;1;0;0;0;1;0;0;0;1
Otu110;Glissomonadida;Allapsidae;Allapsidae_X+sp.;1;0;0;0;0;0;1;0;0;0;0;0;0;0;1;0;0;0;1;0;0;0
Otu111;Cercomonadida;Cercomonadidae;Eocercomonas+sp.;0;0;1;0;0;0;0;0;0;0;0;1;0;0;1;0;0;0;1;0;0;0
Otu112;Cercomonadida;Paracercomonadidae;Paracercomonas+oxoniensis;1;0;0;0;0;0;0;0;0;0;0;1;0;0;1;0;0;0;1;0;0;0
Otu113;Glissomonadida;Allapsidae;Allapsidae_X+sp.;1;0;0;0;0;0;1;0;0;0;0;0;0;0;1;0;0;0;1;0;0;0
Otu114;Thaumatomonadida;Thaumatomonadidae;Thaumatomonas+sp.;1;0;0;0;0;0;0;1;0;0;0;0;0;0;1;0;0;0;1;0;0;0
Otu115;Cercomonadida;Paracercomonadidae;Paracercomonas+compacta;1;0;0;0;0;0;0;0;0;0;0;1;0;0;1;0;0;0;1;0;0;0
Otu116;Cercomonadida;Paracercomonadidae;Paracercomonas+virgaria;1;0;0;0;0;0;0;0;0;0;0;1;0;0;1;0;0;0;1;0;0;0
Otu117;Cercomonadida;Cercomonadidae;Cercomonas+plasmodialis;0;0;1;0;0;0;0;0;0;0;0;1;0;0;1;0;0;0;1;0;0;0
Otu118;Euglyphida;Trinematidae;Trinematidae_X+sp.;0;0;1;0;0;0;0;1;0;0;0;0;0;0;1;0;0;0;1;0;0;0
Otu119;Euglyphida;Euglyphidae;Euglypha+compressa;0;0;1;0;0;0;0;1;0;0;0;0;0;0;1;0;0;0;0;0;1;0
Otu120;Glissomonadida;Glissomonadida_X;Glissomonadida_XX+sp.;0;0;0;0;0;1;0;0;0;0;0;0;0;1;0;0;0;1;1;0;0;0
Otu121;Cercomonadida;Cercomonadidae;Cercomonas+sp.;0;0;1;0;0;0;0;0;0;0;0;1;0;0;1;0;0;0;1;0;0;0
Otu122;Tectofilosida;Fiscullidae;Fiscullidae_X+sp.;0;1;0;0;0;0;0;0;1;0;0;0;0;0;1;0;0;0;1;0;0;0
Otu123;Cercomonadida;Paracercomonadidae;Paracercomonas+sp.;1;0;0;0;0;0;0;0;0;0;0;1;0;0;1;0;0;0;1;0;0;0
Otu124;Cercomonadida;Paracercomonadidae;Nucleocercomonas+praelonga;1;0;0;0;0;0;0;0;0;0;0;1;0;0;0;1;0;0;1;0;0;0
Otu125;Cercomonadida;Paracercomonadidae;Paracercomonas+sp.;1;0;0;0;0;0;0;0;0;0;0;1;0;0;1;0;0;0;1;0;0;0
Otu126;Cercomonadida;Cercomonadidae;Eocercomonas+sp.;0;0;1;0;0;0;0;0;0;0;0;1;0;0;1;0;0;0;1;0;0;0
Otu127;Glissomonadida;Allapsidae;Teretomonas+rotunda;1;0;0;0;0;0;1;0;0;0;0;0;0;0;1;0;0;0;1;0;0;0
Otu128;Spongomonadida;Spongomonadidae;Spongomonas+minima;1;0;0;0;0;0;1;0;0;0;0;0;0;0;0;1;0;0;1;0;0;0
Otu129;Cercomonadida;Paracercomonadidae;Paracercomonas+virgaria;1;0;0;0;0;0;0;0;0;0;0;1;0;0;1;0;0;0;1;0;0;0
Otu130;Cercomonadida;Paracercomonadidae;Paracercomonas+virgaria;1;0;0;0;0;0;0;0;0;0;0;1;0;0;1;0;0;0;1;0;0;0
Otu131;Cercomonadida;Paracercomonadidae;Paracercomonas+saepenatans;1;0;0;0;0;0;0;0;0;0;0;1;0;0;1;0;0;0;1;0;0;0
Otu132;Thaumatomonadida;Peregriniidae;Peregrinia+clavideferens;1;0;0;0;0;0;0;1;0;0;0;0;0;0;1;0;0;0;1;0;0;0
Otu133;Cercomonadida;Paracercomonadidae;Paracercomonas+sp.;1;0;0;0;0;0;0;0;0;0;0;1;0;0;1;0;0;0;1;0;0;0
Otu134;Cercomonadida;Cercomonadidae;Cercomonas+parincurva;0;0;1;0;0;0;0;0;0;0;0;1;0;0;1;0;0;0;1;0;0;0
Otu135;Glissomonadida;Allapsidae;Allapsa+sp.;1;0;0;0;0;0;1;0;0;0;0;0;0;0;1;0;0;0;1;0;0;0
Otu136;Cercomonadida;Cercomonadidae;Cercomonas+sp.;0;0;1;0;0;0;0;0;0;0;0;1;0;0;1;0;0;0;1;0;0;0
Otu137;Thaumatomonadida;Thaumatomonadidae;Thaumatomonas+sp.;1;0;0;0;0;0;0;1;0;0;0;0;0;0;1;0;0;0;1;0;0;0
Otu138;Cercomonadida;Cercomonadidae;Eocercomonas+sp.;0;0;1;0;0;0;0;0;0;0;0;1;0;0;1;0;0;0;1;0;0;0
Otu139;Cercomonadida;Cercomonadidae;Cercomonas+sp.;0;0;1;0;0;0;0;0;0;0;0;1;0;0;1;0;0;0;1;0;0;0
Otu140;Cercomonadida;Cercomonadidae;Eocercomonas+sp.;0;0;1;0;0;0;0;0;0;0;0;1;0;0;1;0;0;0;1;0;0;0
Otu141;Cercomonadida;Cercomonadidae;Cercomonadidae_X+sp.;0;0;0;0;0;1;0;0;0;0;0;0;0;1;0;0;0;1;1;0;0;0
Otu142;Cercomonadida;Cercomonadidae;Cercomonas+celer;0;0;1;0;0;0;0;0;0;0;0;1;0;0;1;0;0;0;1;0;0;0
Otu143;Glissomonadida;Proleptomonadidae;Proleptomonas+faecicola;1;0;0;0;0;0;1;0;0;0;0;0;0;0;0;1;0;0;1;0;0;0
Otu144;Tectofilosida;Fiscullidae;Fiscullidae_X+sp.;0;1;0;0;0;0;0;0;1;0;0;0;0;0;1;0;0;0;1;0;0;0
Otu145;Euglyphida;Trinematidae;Trinematidae_X+sp.;0;0;1;0;0;0;0;1;0;0;0;0;0;0;1;0;0;0;1;0;0;0
Otu146;Cercomonadida;Paracercomonadidae;Nucleocercomonas+praelonga;1;0;0;0;0;0;0;0;0;0;0;1;0;0;0;1;0;0;1;0;0;0
Otu147;Glissomonadida;Allapsidae;Allapsidae_X+sp.;1;0;0;0;0;0;1;0;0;0;0;0;0;0;1;0;0;0;1;0;0;0
Otu148;Cercomonadida;Paracercomonadidae;Paracercomonas+sp.;1;0;0;0;0;0;0;0;0;0;0;1;0;0;1;0;0;0;1;0;0;0
Otu149;Cercomonadida;Cercomonadidae;Cercomonas+sp.;0;0;1;0;0;0;0;0;0;0;0;1;0;0;1;0;0;0;1;0;0;0
Otu150;Cercomonadida;Paracercomonadidae;Paracercomonas_XXX;1;0;0;0;0;0;0;0;0;0;0;1;0;0;1;0;0;0;1;0;0;0
Otu151;Cercomonadida;Paracercomonadidae;Nucleocercomonas+praelonga;1;0;0;0;0;0;0;0;0;0;0;1;0;0;0;1;0;0;1;0;0;0
Otu152;Cercomonadida;Cercomonadidae;Cercomonas+celer;0;0;1;0;0;0;0;0;0;0;0;1;0;0;1;0;0;0;1;0;0;0
Otu153;Cercomonadida;Cercomonadidae;Cercomonas+sp.;0;0;1;0;0;0;0;0;0;0;0;1;0;0;1;0;0;0;1;0;0;0
Otu154;Cercomonadida;Paracercomonadidae;Paracercomonas+sp.;1;0;0;0;0;0;0;0;0;0;0;1;0;0;1;0;0;0;1;0;0;0
Otu155;Cercomonadida;Cercomonadidae;Cercomonadidae_X+sp.;0;0;0;0;0;1;0;0;0;0;0;0;0;1;0;0;0;1;1;0;0;0
Otu156;Filosa-Imbricatea_X;Filosa-Imbricatea_XX;Filosa-Imbricatea_XXX+sp.;0;0;0;0;0;1;0;0;0;0;0;0;0;1;0;0;0;1;0;0;0;1
Otu157;Glissomonadida;Sandonidae;Flectomonas+ekelundi;1;0;0;0;0;0;1;0;0;0;0;0;0;0;1;0;0;0;1;0;0;0
Otu158;Glissomonadida;Allapsidae;Allapsidae_X+sp.;1;0;0;0;0;0;1;0;0;0;0;0;0;0;1;0;0;0;1;0;0;0
Otu159;Cercomonadida;Cercomonadidae;Cercomonas+sp.;0;0;1;0;0;0;0;0;0;0;0;1;0;0;1;0;0;0;1;0;0;0
Otu160;Tectofilosida;Fiscullidae;Fiscullidae_X+sp.;0;1;0;0;0;0;0;0;1;0;0;0;0;0;1;0;0;0;1;0;0;0
Otu161;Cercomonadida;Paracercomonadidae;Paracercomonas+filosa;1;0;0;0;0;0;0;0;0;0;0;1;0;0;1;0;0;0;1;0;0;0
Otu162;Glissomonadida;Glissomonadida_X;Glissomonadida_XX+sp.;0;0;0;0;0;1;0;0;0;0;0;0;0;1;0;0;0;1;1;0;0;0
Otu163;Cercomonadida;Paracercomonadidae;Paracercomonas+sp.;1;0;0;0;0;0;0;0;0;0;0;1;0;0;1;0;0;0;1;0;0;0
Otu164;Glissomonadida;Allapsidae;Allapsidae_X+sp.;1;0;0;0;0;0;1;0;0;0;0;0;0;0;1;0;0;0;1;0;0;0
Otu165;Cercozoa_XX;Cercozoa_XXX;Cercozoa_XXXX+sp.;0;0;0;0;0;1;0;0;0;0;0;0;0;1;0;0;0;1;0;0;0;1
Otu166;Filosa-Imbricatea_X;Filosa-Imbricatea_XX;Filosa-Imbricatea_XXX+sp.;0;0;0;0;0;1;0;0;0;0;0;0;0;1;0;0;0;1;0;0;0;1
Otu167;Cercomonadida;Cercomonadidae;Cercomonas+alexieffi;0;0;1;0;0;0;0;0;0;0;0;1;0;0;1;0;0;0;1;0;0;0
Otu168;Limnofilida;Limnofilidae;Limnofila+anglica;1;0;0;0;0;0;0;0;0;0;0;1;0;0;1;0;0;0;1;0;0;0
Otu169;Cercomonadida;Paracercomonadidae;Paracercomonas+sp.;1;0;0;0;0;0;0;0;0;0;0;1;0;0;1;0;0;0;1;0;0;0
Otu170;Euglyphida;Euglyphidae;Euglypha+penardi;0;0;1;0;0;0;0;1;0;0;0;0;0;0;1;0;0;0;0;0;1;0
Otu171;Glissomonadida;Sandonidae;Sandonidae_X+sp.;1;0;0;0;0;0;1;0;0;0;0;0;0;0;1;0;0;0;1;0;0;0
Otu172;Cryomonadida;Rhogostomidae;Rhogostomidae_X+sp.;0;0;1;0;0;0;0;0;1;0;0;0;0;0;1;0;0;0;1;0;0;0
Otu173;Cryomonadida;Rhogostomidae;Rhogostomidae_X+sp.;0;0;1;0;0;0;0;0;1;0;0;0;0;0;1;0;0;0;1;0;0;0
Otu174;Glissomonadida;Allapsidae;Allapsidae_X+sp.;1;0;0;0;0;0;1;0;0;0;0;0;0;0;1;0;0;0;1;0;0;0
Otu175;Glissomonadida;Allapsidae;Allapsidae_X+sp.;1;0;0;0;0;0;1;0;0;0;0;0;0;0;1;0;0;0;1;0;0;0
Otu176;Glissomonadida;Allapsidae;Allapsidae_X+sp.;1;0;0;0;0;0;1;0;0;0;0;0;0;0;1;0;0;0;1;0;0;0
Otu177;Euglyphida;Euglyphidae;Euglypha+rotunda;0;0;1;0;0;0;0;1;0;0;0;0;0;0;1;0;0;0;0;0;1;0
Otu178;Euglyphida;Euglyphidae;Trachelocorythion+pulchellum;0;0;1;0;0;0;0;1;0;0;0;0;0;0;1;0;0;0;1;0;0;0
Otu179;Cercomonadida;Cercomonadidae;Cercomonas+sp.;0;0;1;0;0;0;0;0;0;0;0;1;0;0;1;0;0;0;1;0;0;0
Otu180;Glissomonadida;Glissomonadida_X;Glissomonadida_XX+sp.;0;0;0;0;0;1;0;0;0;0;0;0;0;1;0;0;0;1;1;0;0;0
Otu181;Cercozoa_XX;Cercozoa_XXX;Cercozoa_XXXX+sp.;0;0;0;0;0;1;0;0;0;0;0;0;0;1;0;0;0;1;0;0;0;1
Otu182;Glissomonadida;Sandonidae;Sandonidae_X+sp.;1;0;0;0;0;0;1;0;0;0;0;0;0;0;1;0;0;0;1;0;0;0
Otu183;Cercomonadida;Cercomonadidae;Cercomonas+longicauda;0;0;1;0;0;0;0;0;0;0;0;1;0;0;1;0;0;0;1;0;0;0
Otu184;Glissomonadida;Allapsidae;Allapsidae_X+sp.;1;0;0;0;0;0;1;0;0;0;0;0;0;0;1;0;0;0;1;0;0;0
Otu185;Glissomonadida;Sandonidae;Mollimonas+vickermani;1;0;0;0;0;0;1;0;0;0;0;0;0;0;1;0;0;0;1;0;0;0
Otu186;Glissomonadida;Sandonidae;Sandonidae_X+sp.;1;0;0;0;0;0;1;0;0;0;0;0;0;0;1;0;0;0;1;0;0;0
Otu187;Cercomonadida;Cercomonadidae;Cercomonas+sp.;0;0;1;0;0;0;0;0;0;0;0;1;0;0;1;0;0;0;1;0;0;0
Otu188;Thaumatomonadida;Thaumatomonadidae;Thaumatomonas+sp.;1;0;0;0;0;0;0;1;0;0;0;0;0;0;1;0;0;0;1;0;0;0
Otu189;Cercomonadida;Cercomonadidae;Cercomonas+zhukovi;0;0;1;0;0;0;0;0;0;0;0;1;0;0;1;0;0;0;1;0;0;0
Otu190;Glissomonadida;Sandonidae;Sandonidae_X+sp.;1;0;0;0;0;0;1;0;0;0;0;0;0;0;1;0;0;0;1;0;0;0
Otu191;Cercomonadida;Cercomonadidae;Cercomonas+sp.;0;0;1;0;0;0;0;0;0;0;0;1;0;0;1;0;0;0;1;0;0;0
Otu192;Glissomonadida;Glissomonadida_X;Glissomonadida_XX+sp.;0;0;0;0;0;1;0;0;0;0;0;0;0;1;0;0;0;1;1;0;0;0
Otu193;Cercomonadida;Paracercomonadidae;Paracercomonas+sp.;1;0;0;0;0;0;0;0;0;0;0;1;0;0;1;0;0;0;1;0;0;0
Otu194;Cercomonadida;Cercomonadidae;Cercomonas+sp.;0;0;1;0;0;0;0;0;0;0;0;1;0;0;1;0;0;0;1;0;0;0
Otu195;Glissomonadida;Allapsidae;Allapsidae_X+sp.;1;0;0;0;0;0;1;0;0;0;0;0;0;0;1;0;0;0;1;0;0;0
Otu196;Glissomonadida;Allapsidae;Allapsidae_X+sp.;1;0;0;0;0;0;1;0;0;0;0;0;0;0;1;0;0;0;1;0;0;0
Otu197;Cercomonadida;Cercomonadidae;Cercomonadidae_X+sp.;0;0;0;0;0;1;0;0;0;0;0;0;0;1;0;0;0;1;1;0;0;0
Otu198;Glissomonadida;Sandonidae;Sandonidae_X+sp.;1;0;0;0;0;0;1;0;0;0;0;0;0;0;1;0;0;0;1;0;0;0
Otu199;Thaumatomonadida;Thaumatomonadida_X;Thaumatomonadida_XX+sp.;0;0;0;0;0;1;0;0;0;0;0;0;0;1;0;0;0;1;0;0;1;0
Otu200;Glissomonadida;Sandonidae;Sandonidae_XXX;1;0;0;0;0;0;1;0;0;0;0;0;0;0;1;0;0;0;1;0;0;0
Otu201;Euglyphida;Euglyphidae;Euglypha+penardi;0;0;1;0;0;0;0;1;0;0;0;0;0;0;1;0;0;0;0;0;1;0
Otu202;Glissomonadida;Allapsidae;Group_Te+sp.;1;0;0;0;0;0;1;0;0;0;0;0;0;0;1;0;0;0;1;0;0;0
Otu203;Tectofilosida;Fiscullidae;Fiscullidae_X+sp.;0;1;0;0;0;0;0;0;1;0;0;0;0;0;1;0;0;0;1;0;0;0
Otu204;Glissomonadida;Sandonidae;Sandonidae_X+sp.;1;0;0;0;0;0;1;0;0;0;0;0;0;0;1;0;0;0;1;0;0;0
Otu205;Limnofilida;Limnofilidae;Limnofilidae_X+sp.;1;0;0;0;0;0;0;0;0;0;0;1;0;0;1;0;0;0;1;0;0;0
Otu206;Cryomonadida;Rhogostomidae;Rhogostomidae_X+sp.;0;0;1;0;0;0;0;0;1;0;0;0;0;0;1;0;0;0;1;0;0;0
Otu207;Filosa_X;Filosa_XX;Filosa_XXX+sp.;0;0;0;0;0;1;0;0;0;0;0;0;0;1;0;0;0;1;0;0;0;1
Otu208;Glissomonadida;Allapsidae;Allapsidae_X+sp.;1;0;0;0;0;0;1;0;0;0;0;0;0;0;1;0;0;0;1;0;0;0
Otu209;Filosa-Sarcomonadea_X;Filosa-Sarcomonadea_XX;Filosa-Sarcomonadea_XXX;0;0;0;0;0;1;0;0;0;0;0;0;0;1;0;0;0;1;0;0;0;1
Otu210;Glissomonadida;Allapsidae;Allapsidae_X+sp.;1;0;0;0;0;0;1;0;0;0;0;0;0;0;1;0;0;0;1;0;0;0
Otu211;Cercomonadida;Cercomonadidae;Cercomonadidae_X+sp.;0;0;0;0;0;1;0;0;0;0;0;0;0;1;0;0;0;1;1;0;0;0
Otu212;Glissomonadida;Glissomonadida_X;Glissomonadida_XX+sp.;0;0;0;0;0;1;0;0;0;0;0;0;0;1;0;0;0;1;1;0;0;0
Otu213;Cercomonadida;Cercomonadidae;Cercomonas+sp.;0;0;1;0;0;0;0;0;0;0;0;1;0;0;1;0;0;0;1;0;0;0
Otu214;Glissomonadida;Allapsidae;Allapsidae_X+sp.;1;0;0;0;0;0;1;0;0;0;0;0;0;0;1;0;0;0;1;0;0;0
Otu215;Glissomonadida;Allapsidae;Allapsidae_X+sp.;1;0;0;0;0;0;1;0;0;0;0;0;0;0;1;0;0;0;1;0;0;0
Otu216;Plasmodiophorida;Plasmodiophoridae;Plasmodiophora+brassicae;0;0;0;1;0;0;0;0;0;0;0;0;1;0;0;0;1;0;1;0;0;0
Otu217;Cryomonadida;Rhogostomidae;Rhogostomidae_X+sp.;0;0;1;0;0;0;0;0;1;0;0;0;0;0;1;0;0;0;1;0;0;0
Otu218;Tectofilosida;Fiscullidae;Fiscullidae_X+sp.;0;1;0;0;0;0;0;0;1;0;0;0;0;0;1;0;0;0;1;0;0;0
Otu219;Glissomonadida;Sandonidae;Sandonidae_X+sp.;1;0;0;0;0;0;1;0;0;0;0;0;0;0;1;0;0;0;1;0;0;0
Otu220;Cercomonadida;Cercomonadidae;Cercomonadidae_X+sp.;0;0;0;0;0;1;0;0;0;0;0;0;0;1;0;0;0;1;1;0;0;0
Otu221;Glissomonadida;Bodomorphidae;Bodomorpha+sp.;1;0;0;0;0;0;1;0;0;0;0;0;0;0;1;0;0;0;1;0;0;0
Otu222;Euglyphida;Euglyphida_X;Euglyphida_XX+sp.;0;0;0;0;0;1;0;0;0;0;0;0;0;1;0;0;0;1;0;0;0;1
Otu223;Filosa_X;Filosa_XX;Filosa_XXX+sp.;0;0;0;0;0;1;0;0;0;0;0;0;0;1;0;0;0;1;0;0;0;1
Otu224;Marimonadida;Marimonadida_X;Marimonadida_XX+sp.;0;0;0;0;0;1;1;0;0;0;0;0;0;1;0;0;0;0;0;1;0;0
Otu225;Cercomonadida;Paracercomonadidae;Paracercomonas+oxoniensis;1;0;0;0;0;0;0;0;0;0;0;1;0;0;1;0;0;0;1;0;0;0
Otu226;Cercomonadida;Paracercomonadidae;Nucleocercomonas+praelonga;1;0;0;0;0;0;0;0;0;0;0;1;0;0;0;1;0;0;1;0;0;0
Otu227;Glissomonadida;Sandonidae;Sandonidae_X+sp.;1;0;0;0;0;0;1;0;0;0;0;0;0;0;1;0;0;0;1;0;0;0
Otu228;Cercomonadida;Cercomonadidae;Cercomonas+longicauda;0;0;1;0;0;0;0;0;0;0;0;1;0;0;1;0;0;0;1;0;0;0
Otu229;Cercomonadida;Paracercomonadidae;Paracercomonas+sp.;1;0;0;0;0;0;0;0;0;0;0;1;0;0;1;0;0;0;1;0;0;0
Otu230;Cryomonadida;Protaspididae;Protaspididae_X+sp.;0;1;0;0;0;0;0;0;0;1;0;0;0;0;1;0;0;0;0;1;0;0
Otu231;Euglyphida;Trinematidae;Corythion+dubium;0;0;1;0;0;0;0;1;0;0;0;0;0;0;1;0;0;0;1;0;0;0
Otu232;Glissomonadida;Allapsidae;Allapsidae_X+sp.;1;0;0;0;0;0;1;0;0;0;0;0;0;0;1;0;0;0;1;0;0;0
Otu233;Cryomonadida;Rhogostomidae;Rhogostomidae_X+sp.;0;0;1;0;0;0;0;0;1;0;0;0;0;0;1;0;0;0;1;0;0;0
Otu234;Thaumatomonadida;Peregriniidae;Peregrinia+clavideferens;1;0;0;0;0;0;0;1;0;0;0;0;0;0;1;0;0;0;1;0;0;0
Otu235;Euglyphida;Trinematidae;Trinematidae_X+sp.;0;0;1;0;0;0;0;1;0;0;0;0;0;0;1;0;0;0;1;0;0;0
Otu236;Cercomonadida;Cercomonadidae;Cercomonas+longicauda;0;0;1;0;0;0;0;0;0;0;0;1;0;0;1;0;0;0;1;0;0;0
Otu237;Glissomonadida;Allapsidae;Group_Te+sp.;0;0;0;0;0;1;0;0;0;0;0;0;0;1;0;0;0;1;1;0;0;0
Otu238;Glissomonadida;Allapsidae;Group_Te+sp.;0;0;0;0;0;1;0;0;0;0;0;0;0;1;0;0;0;1;1;0;0;0
Otu239;Glissomonadida;Sandonidae;Sandonidae_X+sp.;1;0;0;0;0;0;1;0;0;0;0;0;0;0;1;0;0;0;1;0;0;0
Otu240;Glissomonadida;Allapsidae;Allapsidae_X+sp.;1;0;0;0;0;0;1;0;0;0;0;0;0;0;1;0;0;0;1;0;0;0
Otu241;Tremulida;Tremulidae;Tremula+longifila;0;1;0;0;0;0;1;0;0;0;0;0;0;0;1;0;0;0;0;0;1;0
Otu242;Cercomonadida;Cercomonadidae;Cercomonas+sp.;0;0;1;0;0;0;0;0;0;0;0;1;0;0;1;0;0;0;1;0;0;0
Otu243;Cercomonadida;Cercomonadidae;Eocercomonas+sp.;0;0;1;0;0;0;0;0;0;0;0;1;0;0;1;0;0;0;1;0;0;0
Otu244;Limnofilida;Limnofilidae;Limnofilidae_X+sp.;1;0;0;0;0;0;0;0;0;0;0;1;0;0;1;0;0;0;1;0;0;0
Otu245;Euglyphida;Euglyphidae;Euglypha+rotunda;0;0;1;0;0;0;0;1;0;0;0;0;0;0;1;0;0;0;0;0;1;0
Otu246;Cercomonadida;Cercomonadidae;Eocercomonas+sp.;0;0;1;0;0;0;0;0;0;0;0;1;0;0;1;0;0;0;1;0;0;0
Otu247;Cercomonadida;Paracercomonadidae;Nucleocercomonas+praelonga;1;0;0;0;0;0;0;0;0;0;0;1;0;0;0;1;0;0;1;0;0;0
Otu248;Glissomonadida;Sandonidae;Sandonidae_XXX;1;0;0;0;0;0;1;0;0;0;0;0;0;0;1;0;0;0;1;0;0;0
Otu249;Cercomonadida;Paracercomonadidae;Paracercomonas+compacta;1;0;0;0;0;0;0;0;0;0;0;1;0;0;1;0;0;0;1;0;0;0
Otu250;Glissomonadida;Glissomonadida_X;Glissomonadida_XX+sp.;0;0;0;0;0;1;0;0;0;0;0;0;0;1;0;0;0;1;1;0;0;0
Otu251;Glissomonadida;Sandonidae;Bodomorpha+sp.;1;0;0;0;0;0;1;0;0;0;0;0;0;0;1;0;0;0;1;0;0;0
Otu252;Glissomonadida;Sandonidae;Bodomorpha+sp.;1;0;0;0;0;0;1;0;0;0;0;0;0;0;1;0;0;0;1;0;0;0
Otu253;Cercomonadida;Cercomonadidae;Cercomonas+sp.;0;0;1;0;0;0;0;0;0;0;0;1;0;0;1;0;0;0;1;0;0;0
Otu254;Cercozoa_XX;Cercozoa_XXX;Cercozoa_XXXX+sp.;0;0;0;0;0;1;0;0;0;0;0;0;0;1;0;0;0;1;0;0;0;1
Otu255;Plasmodiophorida;S.nasturtii-lineage;Spongospora+sp.;0;0;0;1;0;0;0;0;0;0;0;0;1;0;0;0;1;0;1;0;0;0
Otu256;Cryomonadida;Rhogostomidae;Rhogostomidae_X+sp.;0;0;1;0;0;0;0;0;1;0;0;0;0;0;1;0;0;0;1;0;0;0
Otu257;Euglyphida;Euglyphidae;Euglypha+rotunda;0;0;1;0;0;0;0;1;0;0;0;0;0;0;1;0;0;0;0;0;1;0
Otu258;Novel-Clade-12;NC12B_lineage;NC12B_lineage_X+sp.;0;0;0;0;0;1;0;0;0;0;0;0;0;1;0;0;0;1;0;0;0;1
Otu259;Limnofilida;Limnofilidae;Limnofilidae_X+sp.;1;0;0;0;0;0;0;0;0;0;0;1;0;0;1;0;0;0;1;0;0;0
Otu260;Cercomonadida;Paracercomonadidae;Paracercomonas+sp.;1;0;0;0;0;0;0;0;0;0;0;1;0;0;1;0;0;0;1;0;0;0
Otu261;Novel-Clade-12;NC12B_lineage;NC12B_lineage_X+sp.;0;0;0;0;0;1;0;0;0;0;0;0;0;1;0;0;0;1;0;0;0;1
Otu262;Cercomonadida;Paracercomonadidae;Paracercomonas+sp.;1;0;0;0;0;0;0;0;0;0;0;1;0;0;1;0;0;0;1;0;0;0
Otu263;Cercozoa_XX;Cercozoa_XXX;Cercozoa_XXXX+sp.;0;0;0;0;0;1;0;0;0;0;0;0;0;1;0;0;0;1;0;0;0;1
Otu264;Cercozoa_XX;Cercozoa_XXX;Cercozoa_XXXX+sp.;0;0;0;0;0;1;0;0;0;0;0;0;0;1;0;0;0;1;0;0;0;1
Otu265;Glissomonadida;Allapsidae;Allapsidae_X+sp.;1;0;0;0;0;0;1;0;0;0;0;0;0;0;1;0;0;0;1;0;0;0
Otu266;Cercomonadida;Cercomonadidae;Cercomonas+zhukovi;0;0;1;0;0;0;0;0;0;0;0;1;0;0;1;0;0;0;1;0;0;0
Otu267;Glissomonadida;Sandonidae;Sandonidae_X+sp.;1;0;0;0;0;0;1;0;0;0;0;0;0;0;1;0;0;0;1;0;0;0
Otu268;Cercomonadida;Paracercomonadidae;Paracercomonas+sp.;1;0;0;0;0;0;0;0;0;0;0;1;0;0;1;0;0;0;1;0;0;0
Otu269;Cercozoa_XX;Cercozoa_XXX;Cercozoa_XXXX+sp.;0;0;0;0;0;1;0;0;0;0;0;0;0;1;0;0;0;1;0;0;0;1
Otu270;Cercomonadida;Cercomonadidae;Cercomonas+sp.;0;0;1;0;0;0;0;0;0;0;0;1;0;0;1;0;0;0;1;0;0;0
Otu271;Tectofilosida;Fiscullidae;Fiscullidae_X+sp.;0;1;0;0;0;0;0;0;1;0;0;0;0;0;1;0;0;0;1;0;0;0
Otu272;Glissomonadida;Glissomonadida_X;Glissomonadida_XX+sp.;0;0;0;0;0;1;0;0;0;0;0;0;0;1;0;0;0;1;1;0;0;0
Otu273;Glissomonadida;Sandonidae;Sandonidae_X+sp.;1;0;0;0;0;0;1;0;0;0;0;0;0;0;1;0;0;0;1;0;0;0
Otu274;Filosa_X;Filosa_XX;Filosa_XXX+sp.;0;0;0;0;0;1;0;0;0;0;0;0;0;1;0;0;0;1;0;0;0;1
Otu275;Glissomonadida;Sandonidae;Sandonidae_X+sp.;1;0;0;0;0;0;1;0;0;0;0;0;0;0;1;0;0;0;1;0;0;0
Otu276;Cercomonadida;Paracercomonadidae;Paracercomonas+sp.;1;0;0;0;0;0;0;0;0;0;0;1;0;0;1;0;0;0;1;0;0;0
Otu277;Krakenida;Krakenidae;Kraken+carinae;1;0;0;0;0;0;0;1;0;0;0;0;0;0;1;0;0;0;1;0;0;0
Otu278;Krakenida;Krakenidae;Kraken+carinae;1;0;0;0;0;0;0;1;0;0;0;0;0;0;1;0;0;0;1;0;0;0
Otu279;Euglyphida;Euglyphida_X;Euglyphida_XX+sp.;0;0;0;0;0;1;0;0;0;0;0;0;0;1;0;0;0;1;0;0;0;1
Otu280;Cercozoa_XX;Cercozoa_XXX;Cercozoa_XXXX+sp.;0;0;0;0;0;1;0;0;0;0;0;0;0;1;0;0;0;1;0;0;0;1
Otu281;Cryomonadida;Protaspididae;Protaspididae_X+sp.;0;1;0;0;0;0;0;0;0;1;0;0;0;0;1;0;0;0;0;1;0;0
Otu282;Limnofilida;Limnofilidae;Limnofilidae_X+sp.;1;0;0;0;0;0;0;0;0;0;0;1;0;0;1;0;0;0;1;0;0;0
Otu283;Glissomonadida;Sandonidae;Sandonidae_X+sp.;1;0;0;0;0;0;1;0;0;0;0;0;0;0;1;0;0;0;1;0;0;0
Otu284;Euglyphida;Euglyphida_X;Euglyphida_XX+sp.;0;0;0;0;0;1;0;0;0;0;0;0;0;1;0;0;0;1;0;0;0;1
Otu285;Glissomonadida;Glissomonadida_X;Glissomonadida_XX+sp.;0;0;0;0;0;1;0;0;0;0;0;0;0;1;0;0;0;1;1;0;0;0
Otu286;Cercomonadida;Paracercomonadidae;Paracercomonas+oxoniensis;1;0;0;0;0;0;0;0;0;0;0;1;0;0;1;0;0;0;1;0;0;0
Otu287;Filosa_X;Filosa_XX;Filosa_XXX+sp.;0;0;0;0;0;1;0;0;0;0;0;0;0;1;0;0;0;1;0;0;0;1
Otu288;Glissomonadida;Sandonidae;Sandonidae_X+sp.;1;0;0;0;0;0;1;0;0;0;0;0;0;0;1;0;0;0;1;0;0;0
Otu289;Glissomonadida;Glissomonadida_X;Glissomonadida_XX+sp.;0;0;0;0;0;1;0;0;0;0;0;0;0;1;0;0;0;1;1;0;0;0
Otu290;Cercomonadida;Cercomonadidae;Cercomonas+sp.;0;0;1;0;0;0;0;0;0;0;0;1;0;0;1;0;0;0;1;0;0;0
Otu291;Euglyphida;Euglyphidae;Euglypha+rotunda;0;0;1;0;0;0;0;1;0;0;0;0;0;0;1;0;0;0;0;0;1;0
Otu292;Glissomonadida;Sandonidae;Sandonidae_X+sp.;1;0;0;0;0;0;1;0;0;0;0;0;0;0;1;0;0;0;1;0;0;0
Otu293;Glissomonadida;Allapsidae;Allapsidae_X+sp.;1;0;0;0;0;0;1;0;0;0;0;0;0;0;1;0;0;0;1;0;0;0
Otu294;Cercomonadida;Paracercomonadidae;Metabolomonas+insania;1;0;0;0;0;0;0;0;0;0;0;1;0;0;1;0;0;0;1;0;0;0
Otu295;Euglyphida;Euglyphida_X;Euglyphida_XX+sp.;0;0;0;0;0;1;0;0;0;0;0;0;0;1;0;0;0;1;0;0;0;1
Otu296;Glissomonadida;Allapsidae;Allapsidae_X+sp.;1;0;0;0;0;0;1;0;0;0;0;0;0;0;1;0;0;0;1;0;0;0
Otu297;Cryomonadida;Rhogostomidae;Rhogostomidae_X+sp.;0;0;1;0;0;0;0;0;1;0;0;0;0;0;1;0;0;0;1;0;0;0
Otu298;Cercomonadida;Paracercomonadidae;Paracercomonas+sp.;1;0;0;0;0;0;0;0;0;0;0;1;0;0;1;0;0;0;1;0;0;0
Otu299;Glissomonadida;Sandonidae;Flectomonas+ekelundi;1;0;0;0;0;0;1;0;0;0;0;0;0;0;1;0;0;0;1;0;0;0
Otu300;Cercomonadida;Paracercomonadidae;Paracercomonas+sp.;1;0;0;0;0;0;0;0;0;0;0;1;0;0;1;0;0;0;1;0;0;0
Otu301;Tectofilosida;Fiscullidae;Fiscullidae_X+sp.;0;1;0;0;0;0;0;0;1;0;0;0;0;0;1;0;0;0;1;0;0;0
Otu302;Thaumatomonadida;Thaumatomonadida_X;Thaumatomonadida_XX+sp.;0;0;0;0;0;1;0;0;0;0;0;0;0;1;0;0;0;1;0;0;1;0
Otu303;Cercomonadida;Cercomonadidae;Cercomonas+longicauda;0;0;1;0;0;0;0;0;0;0;0;1;0;0;1;0;0;0;1;0;0;0
Otu304;Cercomonadida;Cercomonadidae;Cercomonas+sp.;0;0;1;0;0;0;0;0;0;0;0;1;0;0;1;0;0;0;1;0;0;0
Otu305;Glissomonadida;Sandonidae;Sandona+sp.;1;0;0;0;0;0;1;0;0;0;0;0;0;0;1;0;0;0;1;0;0;0
Otu306;Glissomonadida;Allapsidae;Allapsidae_X+sp.;1;0;0;0;0;0;1;0;0;0;0;0;0;0;1;0;0;0;1;0;0;0
Otu307;Cercomonadida;Cercomonadidae;Cercomonas+sp.;0;0;1;0;0;0;0;0;0;0;0;1;0;0;1;0;0;0;1;0;0;0
Otu308;Cercomonadida;Paracercomonadidae;Paracercomonas+sp.;1;0;0;0;0;0;0;0;0;0;0;1;0;0;1;0;0;0;1;0;0;0
Otu309;Glissomonadida;Glissomonadida_X;Glissomonadida_XX+sp.;0;0;0;0;0;1;0;0;0;0;0;0;0;1;0;0;0;1;1;0;0;0
Otu310;Glissomonadida;Glissomonadida_XX;Glissomonadida_XXX;0;0;0;0;0;1;0;0;0;0;0;0;0;1;0;0;0;1;1;0;0;0
Otu311;Glissomonadida;Allapsidae;Allapsidae_X+sp.;1;0;0;0;0;0;1;0;0;0;0;0;0;0;1;0;0;0;1;0;0;0
Otu312;Euglyphida;Euglyphidae;Euglypha+rotunda;0;0;1;0;0;0;0;1;0;0;0;0;0;0;1;0;0;0;0;0;1;0
Otu313;Cercomonadida;Paracercomonadidae;Paracercomonas+sp.;1;0;0;0;0;0;0;0;0;0;0;1;0;0;1;0;0;0;1;0;0;0
Otu314;Limnofilida;Limnofilidae;Limnofilidae_X+sp.;1;0;0;0;0;0;0;0;0;0;0;1;0;0;1;0;0;0;1;0;0;0
Otu315;Cercozoa_XX;Cercozoa_XXX;Cercozoa_XXXX+sp.;0;0;0;0;0;1;0;0;0;0;0;0;0;1;0;0;0;1;0;0;0;1
Otu316;Cercomonadida;Paracercomonadidae;Nucleocercomonas+praelonga;1;0;0;0;0;0;0;0;0;0;0;1;0;0;0;1;0;0;1;0;0;0
Otu317;Glissomonadida;Allapsidae;Allapsidae_X+sp.;1;0;0;0;0;0;1;0;0;0;0;0;0;0;1;0;0;0;1;0;0;0
Otu318;Cercomonadida;Paracercomonadidae;Paracercomonas+virgaria;1;0;0;0;0;0;0;0;0;0;0;1;0;0;1;0;0;0;1;0;0;0
Otu319;Filosa-Imbricatea_X;Filosa-Imbricatea_XX;Filosa-Imbricatea_XXX+sp.;0;0;0;0;0;1;0;0;0;0;0;0;0;1;0;0;0;1;0;0;0;1
Otu320;Glissomonadida;Sandonidae;Sandonidae_X+sp.;1;0;0;0;0;0;1;0;0;0;0;0;0;0;1;0;0;0;1;0;0;0
Otu321;Filosa-Granofilosea_X;Massiteriidae;Massisteria+sp.;1;0;0;0;0;0;0;0;0;0;0;1;0;0;1;0;0;0;0;1;0;0
Otu322;Glissomonadida;Allapsidae;Group_Te+sp.;0;0;0;0;0;1;0;0;0;0;0;0;0;1;0;0;0;1;1;0;0;0
Otu323;Glissomonadida;Allapsidae;Allapsidae_X+sp.;1;0;0;0;0;0;1;0;0;0;0;0;0;0;1;0;0;0;1;0;0;0
Otu324;Glissomonadida;Sandonidae;Sandonidae_X+sp.;1;0;0;0;0;0;1;0;0;0;0;0;0;0;1;0;0;0;1;0;0;0
Otu325;Cryomonadida;Protaspididae;Protaspididae_X+sp.;0;1;0;0;0;0;0;0;0;1;0;0;0;0;1;0;0;0;0;1;0;0
Otu326;Cercomonadida;Paracercomonadidae;Paracercomonas+virgaria;1;0;0;0;0;0;0;0;0;0;0;1;0;0;1;0;0;0;1;0;0;0
Otu327;Glissomonadida;Allapsidae;Group_Te+sp.;0;0;0;0;0;1;0;0;0;0;0;0;0;1;0;0;0;1;1;0;0;0
Otu328;Cercomonadida;Cercomonadidae;Cercomonas+sp.;0;0;1;0;0;0;0;0;0;0;0;1;0;0;1;0;0;0;1;0;0;0
Otu329;Glissomonadida;Dujardinidae;Dujardina+stenomorpha;1;0;0;0;0;0;1;0;0;0;0;0;0;0;1;0;0;0;1;0;0;0
Otu330;Glissomonadida;Glissomonadida_X;Glissomonadida_XX+sp.;0;0;0;0;0;1;0;0;0;0;0;0;0;1;0;0;0;1;1;0;0;0
Otu331;Euglyphida;Euglyphidae;Euglypha+rotunda;0;0;1;0;0;0;0;1;0;0;0;0;0;0;1;0;0;0;0;0;1;0
Otu332;Glissomonadida;Sandonidae;Flectomonas+ekelundi;1;0;0;0;0;0;1;0;0;0;0;0;0;0;1;0;0;0;1;0;0;0
Otu333;Glissomonadida;Allapsidae;Allapsidae_X+sp.;1;0;0;0;0;0;1;0;0;0;0;0;0;0;1;0;0;0;1;0;0;0
Otu334;Glissomonadida;Sandonidae;Sandonidae_X+sp.;1;0;0;0;0;0;1;0;0;0;0;0;0;0;1;0;0;0;1;0;0;0
Otu335;Cryomonadida;Rhogostomidae;Rhogostomidae_X+sp.;0;0;1;0;0;0;0;0;1;0;0;0;0;0;1;0;0;0;1;0;0;0
Otu336;Cercomonadida;Paracercomonadidae;Paracercomonas+sp.;1;0;0;0;0;0;0;0;0;0;0;1;0;0;1;0;0;0;1;0;0;0
Otu337;Novel_Clade-10-12_X;Novel_Clade-10-12_XX;Novel_Clade-10-12_XXX;0;0;0;0;0;1;0;0;0;0;0;0;0;1;0;0;0;1;0;0;0;1
Otu338;Cercomonadida;Cercomonadidae;Cercomonas+sp.;0;0;1;0;0;0;0;0;0;0;0;1;0;0;1;0;0;0;1;0;0;0
Otu339;Tremulida;Tremulidae;Tremula+longifila;0;1;0;0;0;0;1;0;0;0;0;0;0;0;1;0;0;0;0;0;1;0
Otu340;Glissomonadida;Allapsidae;Allapsidae_X+sp.;1;0;0;0;0;0;1;0;0;0;0;0;0;0;1;0;0;0;1;0;0;0
Otu341;Euglyphida;Paulinellidae;Paulinella+sp.;0;0;0;0;0;1;0;1;0;0;0;0;0;0;1;0;0;0;0;0;1;0
Otu342;Cercomonadida;Cercomonadidae;Cercomonas+celer;0;0;1;0;0;0;0;0;0;0;0;1;0;0;1;0;0;0;1;0;0;0
Otu343;Cercomonadida;Paracercomonadidae;Paracercomonas+sp.;1;0;0;0;0;0;0;0;0;0;0;1;0;0;1;0;0;0;1;0;0;0
Otu344;Glissomonadida;Allapsidae;Allapsidae_X+sp.;1;0;0;0;0;0;1;0;0;0;0;0;0;0;1;0;0;0;1;0;0;0
Otu345;Euglyphida;Trinematidae;Trinematidae_X+sp.;0;0;1;0;0;0;0;1;0;0;0;0;0;0;1;0;0;0;1;0;0;0
Otu346;Cryomonadida;Rhogostomidae;Rhogostomidae_X+sp.;0;0;1;0;0;0;0;0;1;0;0;0;0;0;1;0;0;0;1;0;0;0
Otu347;Euglyphida;Euglyphida_X;Euglyphida_XX+sp.;0;0;0;0;0;1;0;0;0;0;0;0;0;1;0;0;0;1;0;0;0;1
Otu348;Glissomonadida;Allapsidae;Allapsidae_X+sp.;1;0;0;0;0;0;1;0;0;0;0;0;0;0;1;0;0;0;1;0;0;0
Otu349;Ebriida;TAGIRI1-lineage;TAGIRI1-lineage_X+sp.;0;0;0;0;0;1;0;0;0;0;0;0;0;1;0;0;0;1;0;0;0;1
Otu350;Euglyphida;Euglyphidae;Euglypha+rotunda;0;0;1;0;0;0;0;1;0;0;0;0;0;0;1;0;0;0;0;0;1;0
Otu351;Glissomonadida;Allapsidae;Allapsidae_X+sp.;1;0;0;0;0;0;1;0;0;0;0;0;0;0;1;0;0;0;1;0;0;0
Otu352;Cercozoa_XX;Cercozoa_XXX;Cercozoa_XXXX+sp.;0;0;0;0;0;1;0;0;0;0;0;0;0;1;0;0;0;1;0;0;0;1
Otu353;Spongomonadida;Spongomonadidae;Spongomonas+minima;1;0;0;0;0;0;1;0;0;0;0;0;0;0;0;1;0;0;1;0;0;0
Otu354;Thaumatomonadida;Thaumatomonadidae;Thaumatomonas+sp.;1;0;0;0;0;0;0;1;0;0;0;0;0;0;1;0;0;0;1;0;0;0
Otu355;Limnofilida;Limnofilidae;Limnofilidae_X+sp.;1;0;0;0;0;0;0;0;0;0;0;1;0;0;1;0;0;0;1;0;0;0
Otu356;Cercomonadida;Paracercomonadidae;Paracercomonas+sp.;1;0;0;0;0;0;0;0;0;0;0;1;0;0;1;0;0;0;1;0;0;0
Otu357;Spongomonadida;Spongomonadidae;Spongomonas+minima;1;0;0;0;0;0;1;0;0;0;0;0;0;0;0;1;0;0;1;0;0;0
Otu358;Glissomonadida;Allapsidae;Allapsidae_X+sp.;1;0;0;0;0;0;1;0;0;0;0;0;0;0;1;0;0;0;1;0;0;0
Otu359;Glissomonadida;Allapsidae;Allapsidae_X+sp.;1;0;0;0;0;0;1;0;0;0;0;0;0;0;1;0;0;0;1;0;0;0
Otu360;Krakenida;Krakenidae;Kraken+carinae;1;0;0;0;0;0;0;1;0;0;0;0;0;0;1;0;0;0;1;0;0;0
Otu361;Glissomonadida;Allapsidae;Allapsidae_XXX;1;0;0;0;0;0;1;0;0;0;0;0;0;0;1;0;0;0;1;0;0;0
Otu362;Filosa-Granofilosea_X;Novel-Gran-234;Novel-Gran-234_X+sp.;0;0;0;0;0;1;0;0;0;0;0;0;0;1;0;0;0;1;0;0;0;1
Otu363;Glissomonadida;Sandonidae;Sandonidae_X+sp.;1;0;0;0;0;0;1;0;0;0;0;0;0;0;1;0;0;0;1;0;0;0
Otu364;Cercomonadida;Cercomonadidae;Cercomonas+sp.;0;0;1;0;0;0;0;0;0;0;0;1;0;0;1;0;0;0;1;0;0;0
Otu365;Limnofilida;Limnofilidae;Limnofilidae_X+sp.;1;0;0;0;0;0;0;0;0;0;0;1;0;0;1;0;0;0;1;0;0;0
Otu366;Cryptofilida;Mesofilidae;Mesofilidae_X+sp.;1;0;0;0;0;0;0;0;0;0;0;1;0;0;1;0;0;0;1;0;0;0
Otu367;Euglyphida;Trinematidae;Trinematidae_X+sp.;0;0;1;0;0;0;0;1;0;0;0;0;0;0;1;0;0;0;1;0;0;0
Otu368;Glissomonadida;Glissomonadida_XX;Glissomonadida_XXX;0;0;0;0;0;1;0;0;0;0;0;0;0;1;0;0;0;1;1;0;0;0
Otu369;Glissomonadida;Allapsidae;Allapsidae_X+sp.;1;0;0;0;0;0;1;0;0;0;0;0;0;0;1;0;0;0;1;0;0;0
Otu370;Krakenida;Krakenidae;Kraken+carinae;1;0;0;0;0;0;0;1;0;0;0;0;0;0;1;0;0;0;1;0;0;0
Otu371;Novel-Clade-12;NC12B_lineage;NC12B_lineage_X+sp.;0;0;0;0;0;1;0;0;0;0;0;0;0;1;0;0;0;1;0;0;0;1
Otu372;Glissomonadida;Sandonidae;Sandona+afra;1;0;0;0;0;0;1;0;0;0;0;0;0;0;1;0;0;0;1;0;0;0
Otu373;Cercomonadida;Paracercomonadidae;Paracercomonas+sp.;1;0;0;0;0;0;0;0;0;0;0;1;0;0;1;0;0;0;1;0;0;0
Otu374;Cryomonadida;Protaspididae;Protaspididae_X+sp.;0;1;0;0;0;0;0;0;0;1;0;0;0;0;1;0;0;0;0;1;0;0
Otu375;Glissomonadida;Sandonidae;Sandonidae_X+sp.;1;0;0;0;0;0;1;0;0;0;0;0;0;0;1;0;0;0;1;0;0;0
Otu376;Cercozoa_XX;Cercozoa_XXX;Cercozoa_XXXX+sp.;0;0;0;0;0;1;0;0;0;0;0;0;0;1;0;0;0;1;0;0;0;1
Otu377;Cercomonadida;Cercomonadidae;Cercomonas+alexieffi;0;0;1;0;0;0;0;0;0;0;0;1;0;0;1;0;0;0;1;0;0;0
Otu378;Cercomonadida;Cercomonadidae;Cercomonas+kiaerdammane;0;0;1;0;0;0;0;0;0;0;0;1;0;0;1;0;0;0;1;0;0;0
Otu379;Cercozoa_XX;Cercozoa_XXX;Cercozoa_XXXX+sp.;0;0;0;0;0;1;0;0;0;0;0;0;0;1;0;0;0;1;0;0;0;1
Otu380;Cryomonadida;Rhogostomidae;Rhogostomidae_X+sp.;0;0;1;0;0;0;0;0;1;0;0;0;0;0;1;0;0;0;1;0;0;0
Otu381;Cercomonadida;Cercomonadidae;Cercomonadidae_X+sp.;0;0;0;0;0;1;0;0;0;0;0;0;0;1;0;0;0;1;1;0;0;0
Otu382;Glissomonadida;Allapsidae;Allapsidae_X+sp.;1;0;0;0;0;0;1;0;0;0;0;0;0;0;1;0;0;0;1;0;0;0
Otu383;Plasmodiophorida;S.nasturtii-lineage;Spongospora+sp.;0;0;0;1;0;0;0;0;0;0;0;0;1;0;0;0;1;0;1;0;0;0
Otu384;Cercozoa_XX;Cercozoa_XXX;Cercozoa_XXXX+sp.;0;0;0;0;0;1;0;0;0;0;0;0;0;1;0;0;0;1;0;0;0;1
Otu385;Filosa-Thecofilosea_X;Filosa-Thecofilosea_XX;Filosa-Thecofilosea_XXX+sp.;0;0;0;0;0;1;0;0;0;0;0;0;0;1;0;0;0;1;0;0;0;1
Otu386;Cercomonadida;Cercomonadidae;Cercomonas+volcana;0;0;1;0;0;0;0;0;0;0;0;1;0;0;1;0;0;0;1;0;0;0
Otu387;Euglyphida;Euglyphida_X;Euglyphida_XX+sp.;0;0;0;0;0;1;0;0;0;0;0;0;0;1;0;0;0;1;0;0;0;1
Otu388;Cercomonadida;Paracercomonadidae;Metabolomonas+insania;1;0;0;0;0;0;0;0;0;0;0;1;0;0;1;0;0;0;1;0;0;0
Otu389;Cercomonadida;Cercomonadidae;Eocercomonas+sp.;0;0;1;0;0;0;0;0;0;0;0;1;0;0;1;0;0;0;1;0;0;0
Otu390;Glissomonadida;Glissomonadida_X;Glissomonadida_XX+sp.;0;0;0;0;0;1;0;0;0;0;0;0;0;1;0;0;0;1;1;0;0;0
Otu391;Cercomonadida;Paracercomonadidae;Paracercomonas+virgaria;1;0;0;0;0;0;0;0;0;0;0;1;0;0;1;0;0;0;1;0;0;0
Otu392;Cercomonadida;Cercomonadidae;Cercomonas+celer;0;0;1;0;0;0;0;0;0;0;0;1;0;0;1;0;0;0;1;0;0;0
Otu393;Cercomonadida;Cercomonadidae;Cercomonas+sp.;0;0;1;0;0;0;0;0;0;0;0;1;0;0;1;0;0;0;1;0;0;0
Otu394;Glissomonadida;Sandonidae;Neoheteromita+globosa;1;0;0;0;0;0;1;0;0;0;0;0;0;0;1;0;0;0;1;0;0;0
Otu395;Cercomonadida;Paracercomonadidae;Paracercomonas+sp.;1;0;0;0;0;0;0;0;0;0;0;1;0;0;1;0;0;0;1;0;0;0
Otu396;Cercomonadida;Cercomonadidae;Cercomonas+sp.;0;0;1;0;0;0;0;0;0;0;0;1;0;0;1;0;0;0;1;0;0;0
Otu397;Thaumatomonadida;Thaumatomonadidae;Thaumatomonas+seravini;1;0;0;0;0;0;0;1;0;0;0;0;0;0;1;0;0;0;1;0;0;0
Otu398;Glissomonadida;Sandonidae;Sandonidae_X+sp.;1;0;0;0;0;0;1;0;0;0;0;0;0;0;1;0;0;0;1;0;0;0
Otu399;Cryomonadida;Rhogostomidae;Rhogostomidae_X+sp.;0;0;1;0;0;0;0;0;1;0;0;0;0;0;1;0;0;0;1;0;0;0
Otu400;Filosa-Imbricatea_X;Filosa-Imbricatea_XX;Filosa-Imbricatea_XXX+sp.;0;0;0;0;0;1;0;0;0;0;0;0;0;1;0;0;0;1;0;0;0;1
Otu401;Glissomonadida;Allapsidae;Group_Te+sp.;0;0;0;0;0;1;0;0;0;0;0;0;0;1;0;0;0;1;1;0;0;0
Otu402;Cercomonadida;Paracercomonadidae;Paracercomonas+filosa;1;0;0;0;0;0;0;0;0;0;0;1;0;0;1;0;0;0;1;0;0;0
Otu403;Euglyphida;Euglyphida_X;Euglyphida_XX+sp.;0;0;0;0;0;1;0;0;0;0;0;0;0;1;0;0;0;1;0;0;0;1
Otu404;Euglyphida;Trinematidae;Trinematidae_X+sp.;0;0;1;0;0;0;0;1;0;0;0;0;0;0;1;0;0;0;1;0;0;0
Otu405;Cercomonadida;Paracercomonadidae;Paracercomonas+filosa;1;0;0;0;0;0;0;0;0;0;0;1;0;0;1;0;0;0;1;0;0;0
Otu406;Cercomonadida;Paracercomonadidae;Paracercomonas+compacta;1;0;0;0;0;0;0;0;0;0;0;1;0;0;1;0;0;0;1;0;0;0
Otu407;Glissomonadida;Allapsidae;Allantion+sp.;1;0;0;0;0;0;1;0;0;0;0;0;0;0;1;0;0;0;1;0;0;0
Otu408;Glissomonadida;Allapsidae;Allapsidae_X+sp.;1;0;0;0;0;0;1;0;0;0;0;0;0;0;1;0;0;0;1;0;0;0
Otu409;Cercomonadida;Cercomonadidae;Eocercomonas+sp.;0;0;1;0;0;0;0;0;0;0;0;1;0;0;1;0;0;0;1;0;0;0
Otu410;Limnofilida;Limnofilidae;Limnofilidae_X+sp.;1;0;0;0;0;0;0;0;0;0;0;1;0;0;1;0;0;0;1;0;0;0
Otu411;Filosa-Imbricatea_X;Trivalvulariida;Trivalvulariida_X+sp.;0;1;0;0;0;0;0;0;1;0;0;0;0;0;1;0;0;0;1;0;0;
Otu412;Glissomonadida;Glissomonadida_X;Glissomonadida_XX+sp.;0;0;0;0;0;1;0;0;0;0;0;0;0;1;0;0;0;1;1;0;0;0
Otu413;Euglyphida;Euglyphida_X;Euglyphida_XX+sp.;0;0;0;0;0;1;0;0;0;0;0;0;0;1;0;0;0;1;0;0;0;1
Otu414;Cercomonadida;Cercomonadidae;Cercomonas+phylloplana;0;0;1;0;0;0;0;0;0;0;0;1;0;0;1;0;0;0;1;0;0;0
Otu415;Cercomonadida;Paracercomonadidae;Paracercomonas+sp.;1;0;0;0;0;0;0;0;0;0;0;1;0;0;1;0;0;0;1;0;0;0
Otu416;Cercomonadida;Paracercomonadidae;Paracercomonas+sp.;1;0;0;0;0;0;0;0;0;0;0;1;0;0;1;0;0;0;1;0;0;0
Otu417;Cercozoa_XX;Cercozoa_XXX;Cercozoa_XXXX+sp.;0;0;0;0;0;1;0;0;0;0;0;0;0;1;0;0;0;1;0;0;0;1
Otu418;Cercomonadida;Cercomonadidae;Eocercomonas+sp.;0;0;1;0;0;0;0;0;0;0;0;1;0;0;1;0;0;0;1;0;0;0
Otu419;Glissomonadida;Glissomonadida_XX;Glissomonadida_XXX;0;0;0;0;0;1;0;0;0;0;0;0;0;1;0;0;0;1;1;0;0;0
Otu420;Cercomonadida;Cercomonadidae;Cercomonas+sp.;0;0;1;0;0;0;0;0;0;0;0;1;0;0;1;0;0;0;1;0;0;0
Otu421;Glissomonadida;Allapsidae;Group_Te+sp.;0;0;0;0;0;1;0;0;0;0;0;0;0;1;0;0;0;1;1;0;0;0
Otu422;Glissomonadida;Sandonidae;Sandonidae_X+sp.;1;0;0;0;0;0;1;0;0;0;0;0;0;0;1;0;0;0;1;0;0;0
Otu423;Cercomonadida;Paracercomonadidae;Paracercomonas+sp.;1;0;0;0;0;0;0;0;0;0;0;1;0;0;1;0;0;0;1;0;0;0
Otu424;Glissomonadida;Allapsidae;Allapsidae_X+sp.;1;0;0;0;0;0;1;0;0;0;0;0;0;0;1;0;0;0;1;0;0;0
Otu425;Filosa-Thecofilosea_X;Mataza-lineage;Mataza-lineage_X+sp.;1;0;0;0;0;0;0;0;0;0;1;0;0;0;0;1;0;0;0;1;0;0
Otu426;Glissomonadida;Allapsidae;Allapsidae_X+sp.;1;0;0;0;0;0;1;0;0;0;0;0;0;0;1;0;0;0;1;0;0;0
Otu427;Cercozoa_X;Cercozoa_XX;Cercozoa_XXX;0;0;0;0;0;1;0;0;0;0;0;0;0;1;0;0;0;1;0;0;0;1
Otu428;Cercomonadida;Cercomonadidae;Cercomonadidae_X+sp.;0;0;0;0;0;1;0;0;0;0;0;0;0;1;0;0;0;1;1;0;0;0
Otu429;Cryomonadida;Rhogostomidae;Rhogostomidae_X+sp.;0;0;1;0;0;0;0;0;1;0;0;0;0;0;1;0;0;0;1;0;0;0
Otu430;Euglyphida;Euglyphida_X;Euglyphida_XX+sp.;0;0;0;0;0;1;0;0;0;0;0;0;0;1;0;0;0;1;0;0;0;1
Otu431;Spongomonadida;Spongomonadidae;Spongomonadidae_X+sp.;1;0;0;0;0;0;1;0;0;0;0;0;0;0;0;1;0;0;1;0;0;0
Otu432;Glissomonadida;Allapsidae;Allapsidae_XXX;1;0;0;0;0;0;1;0;0;0;0;0;0;0;1;0;0;0;1;0;0;0
Otu433;Limnofilida;Limnofilidae;Limnofilidae_X+sp.;1;0;0;0;0;0;0;0;0;0;0;1;0;0;1;0;0;0;1;0;0;0
Otu434;Ventricleftida;CCW10-lineage;CCW10-lineage_X+sp.;0;0;0;0;0;1;0;0;1;0;0;0;0;0;1;0;0;0;0;1;0;0
Otu435;Glissomonadida;Sandonidae;Bodomorpha+sp.;1;0;0;0;0;0;1;0;0;0;0;0;0;0;1;0;0;0;1;0;0;0
Otu436;Glissomonadida;Allapsidae;Allapsidae_X+sp.;1;0;0;0;0;0;1;0;0;0;0;0;0;0;1;0;0;0;1;0;0;0
Otu437;Filosa-Granofilosea_X;Novel-Gran-5;Novel-Gran-5_X+sp.;0;0;0;0;0;1;0;0;0;0;0;0;0;1;0;0;0;1;0;0;0;1
Otu438;Glissomonadida;Glissomonadida_X;Glissomonadida_XX+sp.;0;0;0;0;0;1;0;0;0;0;0;0;0;1;0;0;0;1;1;0;0;0
Otu439;Euglyphida;Euglyphida_X;Euglyphida_XX+sp.;0;0;0;0;0;1;0;0;0;0;0;0;0;1;0;0;0;1;0;0;0;1
Otu440;Cercomonadida;Cercomonadidae;Cercomonadidae_X+sp.;0;0;0;0;0;1;0;0;0;0;0;0;0;1;0;0;0;1;1;0;0;0
Otu441;Cryomonadida;Protaspididae;Protaspididae_X+sp.;0;1;0;0;0;0;0;0;0;1;0;0;0;0;1;0;0;0;0;1;0;0
Otu442;Cercomonadida;Paracercomonadidae;Paracercomonas+sp.;1;0;0;0;0;0;0;0;0;0;0;1;0;0;1;0;0;0;1;0;0;0
Otu443;Glissomonadida;Allapsidae;Allapsidae_X+sp.;1;0;0;0;0;0;1;0;0;0;0;0;0;0;1;0;0;0;1;0;0;0
Otu444;Glissomonadida;Allapsidae;Allapsidae_X+sp.;1;0;0;0;0;0;1;0;0;0;0;0;0;0;1;0;0;0;1;0;0;0
Otu445;Glissomonadida;Glissomonadida_X;Glissomonadida_XX+sp.;0;0;0;0;0;1;0;0;0;0;0;0;0;1;0;0;0;1;1;0;0;0
Otu446;Glissomonadida;Sandonidae;Sandonidae_X+sp.;1;0;0;0;0;0;1;0;0;0;0;0;0;0;1;0;0;0;1;0;0;0
Otu447;Glissomonadida;Allapsidae;Allapsidae_X+sp.;1;0;0;0;0;0;1;0;0;0;0;0;0;0;1;0;0;0;1;0;0;0
Otu448;Filosa-Thecofilosea_X;Mataza-lineage;Mataza-lineage_X+sp.;1;0;0;0;0;0;0;0;0;0;1;0;0;0;0;1;0;0;0;1;0;0
Otu449;Glissomonadida;Glissomonadida_X;Glissomonadida_XX+sp.;0;0;0;0;0;1;0;0;0;0;0;0;0;1;0;0;0;1;1;0;0;0
Otu450;Glissomonadida;Glissomonadida_X;Glissomonadida_XX+sp.;0;0;0;0;0;1;0;0;0;0;0;0;0;1;0;0;0;1;1;0;0;0
Otu451;Glissomonadida;Bodomorphidae;Bodomorpha+sp.;1;0;0;0;0;0;1;0;0;0;0;0;0;0;1;0;0;0;1;0;0;0
Otu452;Cercomonadida;Paracercomonadidae;Paracercomonas+virgaria;1;0;0;0;0;0;0;0;0;0;0;1;0;0;1;0;0;0;1;0;0;0
Otu453;Glissomonadida;Allapsidae;Allapsidae_X+sp.;1;0;0;0;0;0;1;0;0;0;0;0;0;0;1;0;0;0;1;0;0;0
Otu454;Cercomonadida;Cercomonadidae;Eocercomonas+sp.;0;0;1;0;0;0;0;0;0;0;0;1;0;0;1;0;0;0;1;0;0;0
Otu455;Cryomonadida;Rhogostomidae;Rhogostomidae_X+sp.;0;0;1;0;0;0;0;0;1;0;0;0;0;0;1;0;0;0;1;0;0;0
Otu456;Ventricleftida;Ventricleftida_X;Ventricleftida_XX+sp.;0;0;0;0;0;1;0;0;0;0;0;0;0;1;0;0;0;1;0;0;0;1
Otu457;Cercomonadida;Cercomonadidae;Cercomonas+sp.;0;0;1;0;0;0;0;0;0;0;0;1;0;0;1;0;0;0;1;0;0;0
Otu458;Glissomonadida;Bodomorphidae;Bodomorpha+sp.;1;0;0;0;0;0;1;0;0;0;0;0;0;0;1;0;0;0;1;0;0;0
Otu459;Cercomonadida;Paracercomonadidae;Paracercomonas+sp.;1;0;0;0;0;0;0;0;0;0;0;1;0;0;1;0;0;0;1;0;0;0
Otu460;Cercomonadida;Cercomonadidae;Eocercomonas+sp.;0;0;1;0;0;0;0;0;0;0;0;1;0;0;1;0;0;0;1;0;0;0
Otu461;Glissomonadida;Clade-Y;Clade-Y_X+sp.;0;0;0;0;0;1;0;0;0;0;0;0;0;1;0;0;0;1;1;0;0;0
Otu462;Glissomonadida;Allapsidae;Allapsidae_X+sp.;1;0;0;0;0;0;1;0;0;0;0;0;0;0;1;0;0;0;1;0;0;0
Otu463;Filosa-Imbricatea_X;Filosa-Imbricatea_XX;Filosa-Imbricatea_XXX+sp.;0;0;0;0;0;1;0;0;0;0;0;0;0;1;0;0;0;1;0;0;0;1
Otu464;Cercomonadida;Paracercomonadidae;Paracercomonas+virgaria;1;0;0;0;0;0;0;0;0;0;0;1;0;0;1;0;0;0;1;0;0;0
Otu465;Glissomonadida;Glissomonadida_X;Glissomonadida_XX+sp.;0;0;0;0;0;1;0;0;0;0;0;0;0;1;0;0;0;1;1;0;0;0
Otu466;Cercozoa_XX;Cercozoa_XXX;Cercozoa_XXXX+sp.;0;0;0;0;0;1;0;0;0;0;0;0;0;1;0;0;0;1;0;0;0;1
Otu467;Cercomonadida;Paracercomonadidae;Paracercomonas+oxoniensis;1;0;0;0;0;0;0;0;0;0;0;1;0;0;1;0;0;0;1;0;0;0
Otu468;Filosa-Thecofilosea_X;Filosa-Thecofilosea_XX;Filosa-Thecofilosea_XXX;0;0;0;0;0;1;0;0;0;0;0;0;0;1;0;0;0;1;0;0;0;1
Otu469;Filosa-Sarcomonadea_X;Filosa-Sarcomonadea_XX;Filosa-Sarcomonadea_XXX;0;0;0;0;0;1;0;0;0;0;0;0;0;1;0;0;0;1;0;0;0;1
Otu470;Limnofilida;Limnofilidae;Limnofila+longa;1;0;0;0;0;0;0;0;0;0;0;1;0;0;1;0;0;0;1;0;0;0
Otu471;Cercomonadida;Paracercomonadidae;Paracercomonas+sp.;1;0;0;0;0;0;0;0;0;0;0;1;0;0;1;0;0;0;1;0;0;0
Otu472;Cryomonadida;Rhogostomidae;Rhogostomidae_X+sp.;0;0;1;0;0;0;0;0;1;0;0;0;0;0;1;0;0;0;1;0;0;0
Otu473;Filosa-Granofilosea_X;Novel-Gran-234;Novel-Gran-234_X+sp.;0;0;0;0;0;1;0;0;0;0;0;0;0;1;0;0;0;1;0;0;0;1
Otu474;Cercomonadida;Paracercomonadidae;Paracercomonas+sp.;1;0;0;0;0;0;0;0;0;0;0;1;0;0;1;0;0;0;1;0;0;0
Otu475;Glissomonadida;Sandonidae;Sandonidae_X+sp.;1;0;0;0;0;0;1;0;0;0;0;0;0;0;1;0;0;0;1;0;0;0
Otu476;Cercomonadida;Cercomonadidae;Eocercomonas+sp.;0;0;1;0;0;0;0;0;0;0;0;1;0;0;1;0;0;0;1;0;0;0
Otu477;Tremulida;Tremulidae;Tremula+longifila;0;1;0;0;0;0;1;0;0;0;0;0;0;0;1;0;0;0;0;0;1;0
Otu478;Cryomonadida;Rhogostomidae;Rhogostomidae_X+sp.;0;0;1;0;0;0;0;0;1;0;0;0;0;0;1;0;0;0;1;0;0;0
Otu479;Cryomonadida;Rhogostomidae;Rhogostomidae_X+sp.;0;0;1;0;0;0;0;0;1;0;0;0;0;0;1;0;0;0;1;0;0;0
Otu480;Cercomonadida;Paracercomonadidae;Nucleocercomonas+praelonga;1;0;0;0;0;0;0;0;0;0;0;1;0;0;0;1;0;0;1;0;0;0
Otu481;Filosa-Granofilosea_X;Novel-Gran-6;Novel-Gran-6_X+sp.;0;0;0;0;0;1;0;0;0;0;0;0;0;1;0;0;0;1;0;0;0;1
Otu482;Euglyphida;Trinematidae;Trinematidae_X+sp.;0;0;1;0;0;0;0;1;0;0;0;0;0;0;1;0;0;0;1;0;0;0
Otu483;Glissomonadida;Glissomonadida_XX;Glissomonadida_XXX;0;0;0;0;0;1;0;0;0;0;0;0;0;1;0;0;0;1;1;0;0;0
Otu484;Tectofilosida;Fiscullidae;Fiscullidae_X+sp.;0;1;0;0;0;0;0;0;1;0;0;0;0;0;1;0;0;0;1;0;0;0
Otu485;Glissomonadida;Allapsidae;Allapsidae_X+sp.;1;0;0;0;0;0;1;0;0;0;0;0;0;0;1;0;0;0;1;0;0;0
Otu486;Glissomonadida;Bodomorphidae;Bodomorpha+sp.;1;0;0;0;0;0;1;0;0;0;0;0;0;0;1;0;0;0;1;0;0;0
Otu487;Cercomonadida;Paracercomonadidae;Nucleocercomonas+praelonga;1;0;0;0;0;0;0;0;0;0;0;1;0;0;0;1;0;0;1;0;0;0
Otu488;Filosa-Imbricatea_X;Nudifilidae;Nudifila+producta;1;0;0;0;0;0;0;0;0;0;0;1;0;0;1;0;0;0;0;0;0;1
Otu489;Glissomonadida;Glissomonadida_X;Glissomonadida_XX+sp.;0;0;0;0;0;1;0;0;0;0;0;0;0;1;0;0;0;1;1;0;0;0
Otu490;Cercomonadida;Cercomonadidae;Cercomonas+sp.;0;0;1;0;0;0;0;0;0;0;0;1;0;0;1;0;0;0;1;0;0;0
Otu491;Cryomonadida;Protaspididae;Protaspididae_X+sp.;0;1;0;0;0;0;0;0;0;1;0;0;0;0;1;0;0;0;0;1;0;0
Otu492;Glissomonadida;Allapsidae;Group_Te+sp.;0;0;0;0;0;1;0;0;0;0;0;0;0;1;0;0;0;1;1;0;0;0
Otu493;Filosa-Sarcomonadea_X;Filosa-Sarcomonadea_XX;Filosa-Sarcomonadea_XXX;0;0;0;0;0;1;0;0;0;0;0;0;0;1;0;0;0;1;0;0;0;1
Otu494;Glissomonadida;Bodomorphidae;Bodomorpha+sp.;1;0;0;0;0;0;1;0;0;0;0;0;0;0;1;0;0;0;1;0;0;0
Otu495;Limnofilida;Limnofilidae;Limnofilidae_X+sp.;1;0;0;0;0;0;0;0;0;0;0;1;0;0;1;0;0;0;1;0;0;0
Otu496;Cercomonadida;Paracercomonadidae;Paracercomonas+virgaria;1;0;0;0;0;0;0;0;0;0;0;1;0;0;1;0;0;0;1;0;0;0
Otu497;Cercozoa_XX;Cercozoa_XXX;Cercozoa_XXXX+sp.;0;0;0;0;0;1;0;0;0;0;0;0;0;1;0;0;0;1;0;0;0;1
Otu498;Cercomonadida;Paracercomonadidae;Paracercomonas+sp.;1;0;0;0;0;0;0;0;0;0;0;1;0;0;1;0;0;0;1;0;0;0
Otu499;Cercomonadida;Paracercomonadidae;Nucleocercomonas+praelonga;1;0;0;0;0;0;0;0;0;0;0;1;0;0;0;1;0;0;1;0;0;0
Otu500;Glissomonadida;Allapsidae;Allapsidae_X+sp.;1;0;0;0;0;0;1;0;0;0;0;0;0;0;1;0;0;0;1;0;0;0
Otu501;Cercomonadida;Cercomonadidae;Cercomonadidae_X+sp.;0;0;0;0;0;1;0;0;0;0;0;0;0;1;0;0;0;1;1;0;0;0
Otu502;Cryomonadida;Protaspididae;Protaspididae_X+sp.;0;1;0;0;0;0;0;0;0;1;0;0;0;0;1;0;0;0;0;1;0;0
Otu503;Glissomonadida;Allapsidae;Allapsidae_X+sp.;1;0;0;0;0;0;1;0;0;0;0;0;0;0;1;0;0;0;1;0;0;0
Otu504;Cercomonadida;Cercomonadidae;Cercomonas_XXX;0;0;0;0;0;1;0;0;0;0;0;0;0;1;0;0;0;1;1;0;0;0
Otu505;Limnofilida;Limnofilidae;Limnofilidae_X+sp.;1;0;0;0;0;0;0;0;0;0;0;1;0;0;1;0;0;0;1;0;0;0
Otu506;Marimonadida;Marimonadida_X;Marimonadida_XX+sp.;0;0;0;0;0;1;1;0;0;0;0;0;0;1;0;0;0;0;0;1;0;0
Otu507;Cercomonadida;Cercomonadidae;Cercomonas+sp.;0;0;1;0;0;0;0;0;0;0;0;1;0;0;1;0;0;0;1;0;0;0
Otu508;Filosa-Imbricatea_X;Novel-Clade-2;Novel-Clade-2_X+sp.;0;0;0;0;0;1;0;0;0;0;0;0;0;1;0;0;0;1;0;0;0;1
Otu509;Cercomonadida;Cercomonadida_XX;Cercomonadida_XXX;0;0;0;0;0;1;0;0;0;0;0;0;0;1;0;0;0;1;1;0;0;0
Otu510;Filosa-Granofilosea_X;Novel-Gran-6;Novel-Gran-6_X+sp.;0;0;0;0;0;1;0;0;0;0;0;0;0;1;0;0;0;1;0;0;0;1
Otu511;Cercomonadida;Cercomonadidae;Cercomonas+fastiga;0;0;1;0;0;0;0;0;0;0;0;1;0;0;1;0;0;0;1;0;0;0
Otu512;Euglyphida;Euglyphidae;Euglypha+rotunda;0;0;1;0;0;0;0;1;0;0;0;0;0;0;1;0;0;0;0;0;1;0
Otu513;Glissomonadida;Sandonidae;Sandonidae_X+sp.;1;0;0;0;0;0;1;0;0;0;0;0;0;0;1;0;0;0;1;0;0;0
Otu514;Glissomonadida;Sandonidae;Sandonidae_X+sp.;1;0;0;0;0;0;1;0;0;0;0;0;0;0;1;0;0;0;1;0;0;0
Otu515;Glissomonadida;Allapsidae;Allapsidae_X+sp.;1;0;0;0;0;0;1;0;0;0;0;0;0;0;1;0;0;0;1;0;0;0
Otu516;Glissomonadida;Allapsidae;Allapsidae_X+sp.;1;0;0;0;0;0;1;0;0;0;0;0;0;0;1;0;0;0;1;0;0;0
Otu517;Limnofilida;Limnofilidae;Limnofilidae_X+sp.;1;0;0;0;0;0;0;0;0;0;0;1;0;0;1;0;0;0;1;0;0;0
Otu518;Glissomonadida;Allapsidae;Allapsidae_X+sp.;1;0;0;0;0;0;1;0;0;0;0;0;0;0;1;0;0;0;1;0;0;0
Otu519;Filosa-Imbricatea_X;Filosa-Imbricatea_XX;Filosa-Imbricatea_XXX;0;0;0;0;0;1;0;0;0;0;0;0;0;1;0;0;0;1;0;0;0;1
Otu520;Cercomonadida;Paracercomonadidae;Paracercomonas+sp.;1;0;0;0;0;0;0;0;0;0;0;1;0;0;1;0;0;0;1;0;0;0
Otu521;Glissomonadida;Allapsidae;Allantion+sp.;1;0;0;0;0;0;1;0;0;0;0;0;0;0;1;0;0;0;1;0;0;0
Otu522;Cercomonadida;Cercomonadidae;Cercomonas+radiata;0;0;1;0;0;0;0;0;0;0;0;1;0;0;1;0;0;0;1;0;0;0
Otu523;Cercomonadida;Paracercomonadidae;Paracercomonas+filosa;1;0;0;0;0;0;0;0;0;0;0;1;0;0;1;0;0;0;1;0;0;0
Otu524;Euglyphida;Euglyphida_X;Euglyphida_XX+sp.;0;0;0;0;0;1;0;0;0;0;0;0;0;1;0;0;0;1;0;0;0;1
Otu525;Cercomonadida;Cercomonadidae;Cercomonadidae_X+sp.;0;0;0;0;0;1;0;0;0;0;0;0;0;1;0;0;0;1;1;0;0;0
Otu526;Glissomonadida;Allapsidae;Allapsidae_X+sp.;1;0;0;0;0;0;1;0;0;0;0;0;0;0;1;0;0;0;1;0;0;0
Otu527;Glissomonadida;Sandonidae;Bodomorpha+sp.;1;0;0;0;0;0;1;0;0;0;0;0;0;0;1;0;0;0;1;0;0;0
Otu528;Glissomonadida;Allapsidae;Allapsidae_X+sp.;1;0;0;0;0;0;1;0;0;0;0;0;0;0;1;0;0;0;1;0;0;0
Otu529;Glissomonadida;Bodomorphidae;Bodomorpha+sp.;1;0;0;0;0;0;1;0;0;0;0;0;0;0;1;0;0;0;1;0;0;0
Otu530;Krakenida;Krakenidae;Kraken+carinae;1;0;0;0;0;0;0;1;0;0;0;0;0;0;1;0;0;0;1;0;0;0
Otu531;Glissomonadida;Sandonidae;Sandonidae_X+sp.;1;0;0;0;0;0;1;0;0;0;0;0;0;0;1;0;0;0;1;0;0;0
Otu532;Euglyphida;Euglyphidae;Euglypha+rotunda;0;0;1;0;0;0;0;1;0;0;0;0;0;0;1;0;0;0;0;0;1;0
Otu533;Tremulida;Tremulidae;Tremula+longifila;0;1;0;0;0;0;1;0;0;0;0;0;0;0;1;0;0;0;0;0;1;0
Otu534;Cercozoa_XX;Cercozoa_XXX;Cercozoa_XXXX+sp.;0;0;0;0;0;1;0;0;0;0;0;0;0;1;0;0;0;1;0;0;0;1
Otu535;Glissomonadida;Glissomonadida_X;Glissomonadida_XX+sp.;0;0;0;0;0;1;0;0;0;0;0;0;0;1;0;0;0;1;1;0;0;0
Otu536;Cercozoa_XX;Cercozoa_XXX;Cercozoa_XXXX+sp.;0;0;0;0;0;1;0;0;0;0;0;0;0;1;0;0;0;1;0;0;0;1
Otu537;Cryomonadida;Rhogostomidae;Rhogostomidae_X+sp.;0;0;1;0;0;0;0;0;1;0;0;0;0;0;1;0;0;0;1;0;0;0
Otu538;Glissomonadida;Glissomonadida_X;Glissomonadida_XX+sp.;0;0;0;0;0;1;0;0;0;0;0;0;0;1;0;0;0;1;1;0;0;0
Otu539;Filosa-Sarcomonadea_X;Filosa-Sarcomonadea_XX;Filosa-Sarcomonadea_XXX;0;0;0;0;0;1;0;0;0;0;0;0;0;1;0;0;0;1;0;0;0;1
Otu540;Cercomonadida;Cercomonadidae;Cercomonas+sp.;0;0;1;0;0;0;0;0;0;0;0;1;0;0;1;0;0;0;1;0;0;0
Otu541;Cercomonadida;Paracercomonadidae;Paracercomonas+virgaria;1;0;0;0;0;0;0;0;0;0;0;1;0;0;1;0;0;0;1;0;0;0
Otu542;Glissomonadida;Sandonidae;Sandonidae_X+sp.;1;0;0;0;0;0;1;0;0;0;0;0;0;0;1;0;0;0;1;0;0;0
Otu543;Filosa-Granofilosea_X;Novel-Gran-6;Novel-Gran-6_X+sp.;0;0;0;0;0;1;0;0;0;0;0;0;0;1;0;0;0;1;0;0;0;1
Otu544;Glissomonadida;Allapsidae;Allapsidae_X+sp.;1;0;0;0;0;0;1;0;0;0;0;0;0;0;1;0;0;0;1;0;0;0
Otu545;Cercomonadida;Paracercomonadidae;Paracercomonas+oxoniensis;1;0;0;0;0;0;0;0;0;0;0;1;0;0;1;0;0;0;1;0;0;0
Otu546;Cryomonadida;Protaspididae;Protaspididae_X+sp.;0;1;0;0;0;0;0;0;0;1;0;0;0;0;1;0;0;0;0;1;0;0
Otu547;Filosa_X;Filosa_XX;Filosa_XXX+sp.;0;0;0;0;0;1;0;0;0;0;0;0;0;1;0;0;0;1;0;0;0;1
Otu548;Glissomonadida;Sandonidae;Sandonidae_X+sp.;1;0;0;0;0;0;1;0;0;0;0;0;0;0;1;0;0;0;1;0;0;0
Otu549;Euglyphida;Euglyphida_X;Euglyphida_XX+sp.;0;0;0;0;0;1;0;0;0;0;0;0;0;1;0;0;0;1;0;0;0;1
Otu550;Glissomonadida;Allapsidae;Allapsidae_X+sp.;1;0;0;0;0;0;1;0;0;0;0;0;0;0;1;0;0;0;1;0;0;0
Otu551;Cryomonadida;Rhogostomidae;Rhogostomidae_X+sp.;0;0;1;0;0;0;0;0;1;0;0;0;0;0;1;0;0;0;1;0;0;0
Otu552;Glissomonadida;Sandonidae;Sandonidae_X+sp.;1;0;0;0;0;0;1;0;0;0;0;0;0;0;1;0;0;0;1;0;0;0
Otu553;Tectofilosida;Fiscullidae;Fiscullidae_X+sp.;0;1;0;0;0;0;0;0;1;0;0;0;0;0;1;0;0;0;1;0;0;0
Otu554;Filosa-Imbricatea_X;Filosa-Imbricatea_XX;Filosa-Imbricatea_XXX+sp.;0;0;0;0;0;1;0;0;0;0;0;0;0;1;0;0;0;1;0;0;0;1
Otu555;Glissomonadida;Allapsidae;Allapsidae_X+sp.;1;0;0;0;0;0;1;0;0;0;0;0;0;0;1;0;0;0;1;0;0;0
